This is pdfTeX, Version 3.141592653-2.6-1.40.29 (MiKTeX 26.5) (preloaded format=pdflatex 2026.7.22)  11 SEP 2026 17:41
entering extended mode
 \write18 enabled.
 file:line:error style messages enabled.
 %&-line parsing enabled.
**d:/ONEDRIVE/PERSONAL/DOCUMENTS/University/PhySoc/latex-manual/main.tex
(d:/ONEDRIVE/PERSONAL/DOCUMENTS/University/PhySoc/latex-manual/main.tex
LaTeX2e <2026-06-01>
L3 programming layer <2026-06-18>
(C:\Users\neosk\AppData\Local\Programs\MiKTeX\tex/latex/base\book.cls
Document Class: book 2025/01/22 v1.4n Standard LaTeX document class
(C:\Users\neosk\AppData\Local\Programs\MiKTeX\tex/latex/base\bk10.clo
File: bk10.clo 2025/01/22 v1.4n Standard LaTeX file (size option)
)
\c@part=\count276
\c@chapter=\count277
\c@section=\count278
\c@subsection=\count279
\c@subsubsection=\count280
\c@paragraph=\count281
\c@subparagraph=\count282
\c@figure=\count283
\c@table=\count284
\abovecaptionskip=\skip49
\belowcaptionskip=\skip50
\bibindent=\dimen150
) (C:\Users\neosk\AppData\Local\Programs\MiKTeX\tex/latex/geometry\geometry.sty
Package: geometry 2026/03/07 v6.0 Page Geometry
 (C:\Users\neosk\AppData\Local\Programs\MiKTeX\tex/latex/graphics\keyval.sty
Package: keyval 2026-05-17 v1.15 key=value parser (DPC)
\KV@toks@=\toks17
) (C:\Users\neosk\AppData\Local\Programs\MiKTeX\tex/generic/iftex\ifvtex.sty
Package: ifvtex 2019/10/25 v1.7 ifvtex legacy package. Use iftex instead.
 (C:\Users\neosk\AppData\Local\Programs\MiKTeX\tex/generic/iftex\iftex.sty
Package: iftex 2024/12/12 v1.0g TeX engine tests
))
\Gm@cnth=\count285
\Gm@cntv=\count286
\c@Gm@tempcnt=\count287
\Gm@bindingoffset=\dimen151
\Gm@wd@mp=\dimen152
\Gm@odd@mp=\dimen153
\Gm@even@mp=\dimen154
\Gm@layoutwidth=\dimen155
\Gm@layoutheight=\dimen156
\Gm@layouthoffset=\dimen157
\Gm@layoutvoffset=\dimen158
\Gm@dimlist=\toks18
 (C:\Users\neosk\AppData\Local\Programs\MiKTeX\tex/latex/geometry\geometry.cfg)) (C:\Users\neosk\AppData\Local\Programs\MiKTeX\tex/latex/url\url.sty
\Urlmuskip=\muskip17
Package: url 2013/09/16  ver 3.4  Verb mode for urls, etc.
) (C:\Users\neosk\AppData\Local\Programs\MiKTeX\tex/latex/hyperref\hyperref.sty
Package: hyperref 2026-06-17 v7.01r Hypertext links for LaTeX
 (C:\Users\neosk\AppData\Local\Programs\MiKTeX\tex/latex/kvsetkeys\kvsetkeys.sty
Package: kvsetkeys 2022-10-05 v1.19 Key value parser (HO)
) (C:\Users\neosk\AppData\Local\Programs\MiKTeX\tex/generic/kvdefinekeys\kvdefinekeys.sty
Package: kvdefinekeys 2019-12-19 v1.6 Define keys (HO)
) (C:\Users\neosk\AppData\Local\Programs\MiKTeX\tex/generic/pdfescape\pdfescape.sty
Package: pdfescape 2019/12/09 v1.15 Implements pdfTeX's escape features (HO)
 (C:\Users\neosk\AppData\Local\Programs\MiKTeX\tex/generic/ltxcmds\ltxcmds.sty
Package: ltxcmds 2023-12-04 v1.26 LaTeX kernel commands for general use (HO)
) (C:\Users\neosk\AppData\Local\Programs\MiKTeX\tex/generic/pdftexcmds\pdftexcmds.sty
Package: pdftexcmds 2020-06-27 v0.33 Utility functions of pdfTeX for LuaTeX (HO)
 (C:\Users\neosk\AppData\Local\Programs\MiKTeX\tex/generic/infwarerr\infwarerr.sty
Package: infwarerr 2019/12/03 v1.5 Providing info/warning/error messages (HO)
)
Package pdftexcmds Info: \pdf@primitive is available.
Package pdftexcmds Info: \pdf@ifprimitive is available.
Package pdftexcmds Info: \pdfdraftmode found.
)) (C:\Users\neosk\AppData\Local\Programs\MiKTeX\tex/latex/hycolor\hycolor.sty
Package: hycolor 2020-01-27 v1.10 Color options for hyperref/bookmark (HO)
) (C:\Users\neosk\AppData\Local\Programs\MiKTeX\tex/latex/hyperref\nameref.sty
Package: nameref 2026-01-29 v2.58 Cross-referencing by name of section
 (C:\Users\neosk\AppData\Local\Programs\MiKTeX\tex/latex/refcount\refcount.sty
Package: refcount 2019/12/15 v3.6 Data extraction from label references (HO)
) (C:\Users\neosk\AppData\Local\Programs\MiKTeX\tex/generic/gettitlestring\gettitlestring.sty
Package: gettitlestring 2019/12/15 v1.6 Cleanup title references (HO)
 (C:\Users\neosk\AppData\Local\Programs\MiKTeX\tex/latex/kvoptions\kvoptions.sty
Package: kvoptions 2022-06-15 v3.15 Key value format for package options (HO)
))
\c@section@level=\count288
) (C:\Users\neosk\AppData\Local\Programs\MiKTeX\tex/latex/etoolbox\etoolbox.sty
Package: etoolbox 2025/10/02 v2.5m e-TeX tools for LaTeX (JAW)
\etb@tempcnta=\count289
) (C:\Users\neosk\AppData\Local\Programs\MiKTeX\tex/generic/stringenc\stringenc.sty
Package: stringenc 2019/11/29 v1.12 Convert strings between diff. encodings (HO)
)
\@linkdim=\dimen159
\Hy@linkcounter=\count290
\Hy@pagecounter=\count291
 (C:\Users\neosk\AppData\Local\Programs\MiKTeX\tex/latex/hyperref\pd1enc.def
File: pd1enc.def 2026-06-17 v7.01r Hyperref: PDFDocEncoding definition (HO)
Now handling font encoding PD1 ...
... no UTF-8 mapping file for font encoding PD1
) (C:\Users\neosk\AppData\Local\Programs\MiKTeX\tex/generic/intcalc\intcalc.sty
Package: intcalc 2019/12/15 v1.3 Expandable calculations with integers (HO)
)
\Hy@SavedSpaceFactor=\count292
 (C:\Users\neosk\AppData\Local\Programs\MiKTeX\tex/latex/hyperref\puenc.def
File: puenc.def 2026-06-17 v7.01r Hyperref: PDF Unicode definition (HO)
Now handling font encoding PU ...
... no UTF-8 mapping file for font encoding PU
)
Package hyperref Info: Option `colorlinks' set `true' on input line 4070.
Package hyperref Info: Option `breaklinks' set `true' on input line 4070.
Package hyperref Info: Hyper figures OFF on input line 4199.
Package hyperref Info: Link nesting OFF on input line 4204.
Package hyperref Info: Hyper index ON on input line 4207.
Package hyperref Info: Plain pages OFF on input line 4214.
Package hyperref Info: Backreferencing OFF on input line 4219.
Package hyperref Info: Implicit mode ON; LaTeX internals redefined.
Package hyperref Info: Bookmarks ON on input line 4466.
\c@Hy@tempcnt=\count293
LaTeX Info: Redefining \url on input line 4805.
\XeTeXLinkMargin=\dimen160
 (C:\Users\neosk\AppData\Local\Programs\MiKTeX\tex/generic/bitset\bitset.sty
Package: bitset 2019/12/09 v1.3 Handle bit-vector datatype (HO)
 (C:\Users\neosk\AppData\Local\Programs\MiKTeX\tex/generic/bigintcalc\bigintcalc.sty
Package: bigintcalc 2019/12/15 v1.5 Expandable calculations on big integers (HO)
))
\Fld@menulength=\count294
\Field@Width=\dimen161
\Fld@charsize=\dimen162
Package hyperref Info: Hyper figures OFF on input line 6091.
Package hyperref Info: Link nesting OFF on input line 6096.
Package hyperref Info: Hyper index ON on input line 6099.
Package hyperref Info: backreferencing OFF on input line 6106.
Package hyperref Info: Link coloring ON on input line 6109.
Package hyperref Info: Link coloring with OCG OFF on input line 6116.
Package hyperref Info: PDF/A mode OFF on input line 6121.
\Hy@abspage=\count295
\c@Item=\count296
\c@Hfootnote=\count297
)
Package hyperref Info: Driver: hpdftex.
 (C:\Users\neosk\AppData\Local\Programs\MiKTeX\tex/latex/hyperref\hpdftex.def
File: hpdftex.def 2026-06-17 v7.01r Hyperref driver for pdfTeX
\Fld@listcount=\count298
\c@bookmark@seq@number=\count299
 (C:\Users\neosk\AppData\Local\Programs\MiKTeX\tex/latex/rerunfilecheck\rerunfilecheck.sty
Package: rerunfilecheck 2025-06-21 v1.11 Rerun checks for auxiliary files (HO)
 (C:\Users\neosk\AppData\Local\Programs\MiKTeX\tex/generic/uniquecounter\uniquecounter.sty
Package: uniquecounter 2019/12/15 v1.4 Provide unlimited unique counter (HO)
)
Package uniquecounter Info: New unique counter `rerunfilecheck' on input line 284.
)
\Hy@SectionHShift=\skip51
)
LaTeX Info: Redefining \url on input line 24.
 (C:\Users\neosk\AppData\Local\Programs\MiKTeX\tex/latex/breakurl\breakurl.sty
Package: breakurl 2013/04/10 v1.40 Breakable hyperref URLs
 (C:\Users\neosk\AppData\Local\Programs\MiKTeX\tex/latex/xkeyval\xkeyval.sty
Package: xkeyval 2022/06/16 v2.9 package option processing (HA)
 (C:\Users\neosk\AppData\Local\Programs\MiKTeX\tex/generic/xkeyval\xkeyval.tex (C:\Users\neosk\AppData\Local\Programs\MiKTeX\tex/generic/xkeyval\xkvutils.tex
\XKV@toks=\toks19
\XKV@tempa@toks=\toks20
)
\XKV@depth=\count300
File: xkeyval.tex 2014/12/03 v2.7a key=value parser (HA)
)) (C:\Users\neosk\AppData\Local\Programs\MiKTeX\tex/generic/iftex\ifpdf.sty
Package: ifpdf 2019/10/25 v3.4 ifpdf legacy package. Use iftex instead.
)

Package breakurl Warning: You are using breakurl while processing via pdflatex.
(breakurl)                \burl will be just a synonym of \url.
(breakurl)                 on input line 48.

) (C:\Users\neosk\AppData\Local\Programs\MiKTeX\tex/latex/hyperxmp\hyperxmp.sty
Package: hyperxmp 2024/03/17 v5.13 Store hyperref metadata in XMP format
\hyxmp@aep@toks=\toks21
 (C:\Users\neosk\AppData\Local\Programs\MiKTeX\tex/latex/ifmtarg\ifmtarg.sty
Package: ifmtarg 2018/04/16 v1.2b check for an empty argument
) (C:\Users\neosk\AppData\Local\Programs\MiKTeX\tex/latex/base\ifthen.sty
Package: ifthen 2024/03/16 v1.1e Standard LaTeX ifthen package (DPC)
)
\@hyxmp@count=\count301
 (C:\Users\neosk\AppData\Local\Programs\MiKTeX\tex/latex/oberdiek\ifdraft.sty
Package: ifdraft 2016/05/16 v1.4 Detect class options draft and final (HO)
) (C:\Users\neosk\AppData\Local\Programs\MiKTeX\tex/generic/iftex\ifluatex.sty
Package: ifluatex 2019/10/25 v1.5 ifluatex legacy package. Use iftex instead.
)) (C:\Users\neosk\AppData\Local\Programs\MiKTeX\tex/latex/graphics\graphicx.sty
Package: graphicx 2026-05-17 v1.2e Enhanced LaTeX Graphics (DPC,SPQR)
 (C:\Users\neosk\AppData\Local\Programs\MiKTeX\tex/latex/graphics\graphics.sty
Package: graphics 2026-05-17 v1.4h Standard LaTeX Graphics (DPC,SPQR)
 (C:\Users\neosk\AppData\Local\Programs\MiKTeX\tex/latex/graphics\trig.sty
Package: trig 2023/12/02 v1.11 sin cos tan (DPC)
) (C:\Users\neosk\AppData\Local\Programs\MiKTeX\tex/latex/graphics-cfg\graphics.cfg
File: graphics.cfg 2016/06/04 v1.11 sample graphics configuration
)
Package graphics Info: Driver file: pdftex.def on input line 106.
 (C:\Users\neosk\AppData\Local\Programs\MiKTeX\tex/latex/graphics-def\pdftex.def
File: pdftex.def 2025/09/29 v1.2d Graphics/color driver for pdftex
))
\Gin@req@height=\dimen163
\Gin@req@width=\dimen164
) (C:\Users\neosk\AppData\Local\Programs\MiKTeX\tex/latex/float\float.sty
Package: float 2001/11/08 v1.3d Float enhancements (AL)
\c@float@type=\count302
\float@exts=\toks22
\float@box=\box53
\@float@everytoks=\toks23
\@floatcapt=\box54
) (C:\Users\neosk\AppData\Local\Programs\MiKTeX\tex/latex/makecell\makecell.sty
Package: makecell 2009/08/03 V0.1e Managing of Tab Column Heads and Cells
 (C:\Users\neosk\AppData\Local\Programs\MiKTeX\tex/latex/tools\array.sty
Package: array 2026/02/24 v2.7b Tabular extension package (FMi)
\col@sep=\dimen165
\ar@mcellbox=\box55
\extrarowheight=\dimen166
\NC@list=\toks24
\extratabsurround=\skip52
\backup@length=\skip53
\ar@cellbox=\box56
)
\rotheadsize=\dimen167
\c@nlinenum=\count303
\TeXr@lab=\toks25
) (C:\Users\neosk\AppData\Local\Programs\MiKTeX\tex/latex/tools\multicol.sty
Package: multicol 2025/10/21 v2.0b multicolumn formatting (FMi)
\c@tracingmulticols=\count304
\mult@box=\box57
\multicol@leftmargin=\dimen168
\c@unbalance=\count305
\c@collectmore=\count306
\doublecol@number=\count307
\multicoltolerance=\count308
\multicolpretolerance=\count309
\full@width=\dimen169
\page@free=\dimen170
\premulticols=\dimen171
\postmulticols=\dimen172
\multicolsep=\skip54
\multicolbaselineskip=\skip55
\partial@page=\box58
\last@line=\box59
\mc@boxedresult=\box60
\maxbalancingoverflow=\dimen173
\mult@rightbox=\box61
\mult@grightbox=\box62
\mult@firstbox=\box63
\mult@gfirstbox=\box64
\@tempa=\box65
\@tempa=\box66
\@tempa=\box67
\@tempa=\box68
\@tempa=\box69
\@tempa=\box70
\@tempa=\box71
\@tempa=\box72
\@tempa=\box73
\@tempa=\box74
\@tempa=\box75
\@tempa=\box76
\@tempa=\box77
\@tempa=\box78
\@tempa=\box79
\@tempa=\box80
\@tempa=\box81
\@tempa=\box82
\@tempa=\box83
\@tempa=\box84
\@tempa=\box85
\@tempa=\box86
\@tempa=\box87
\@tempa=\box88
\@tempa=\box89
\@tempa=\box90
\@tempa=\box91
\@tempa=\box92
\@tempa=\box93
\@tempa=\box94
\@tempa=\box95
\@tempa=\box96
\@tempa=\box97
\@tempa=\box98
\@tempa=\box99
\@tempa=\box100
\c@minrows=\count310
\c@columnbadness=\count311
\c@finalcolumnbadness=\count312
\last@try=\dimen174
\multicolovershoot=\dimen175
\multicolundershoot=\dimen176
\mult@nat@firstbox=\box101
\colbreak@box=\box102
\mc@col@check@num=\count313
\g__mc_curr_col_int=\count314
) (C:\Users\neosk\AppData\Local\Programs\MiKTeX\tex/latex/caption\subcaption.sty
Package: subcaption 2023/07/28 v1.6b Sub-captions (AR)
 (C:\Users\neosk\AppData\Local\Programs\MiKTeX\tex/latex/caption\caption.sty
Package: caption 2023/08/05 v3.6o Customizing captions (AR)
 (C:\Users\neosk\AppData\Local\Programs\MiKTeX\tex/latex/caption\caption3.sty
Package: caption3 2023/07/31 v2.4d caption3 kernel (AR)
\caption@tempdima=\dimen177
\captionmargin=\dimen178
\caption@leftmargin=\dimen179
\caption@rightmargin=\dimen180
\caption@width=\dimen181
\caption@indent=\dimen182
\caption@parindent=\dimen183
\caption@hangindent=\dimen184
Package caption Info: Standard document class detected.
)
\c@caption@flags=\count315
\c@continuedfloat=\count316
Package caption Info: float package is loaded.
Package caption Info: hyperref package is loaded.
)
Package caption Info: New subtype `subfigure' on input line 238.
\c@subfigure=\count317
Package caption Info: New subtype `subtable' on input line 238.
\c@subtable=\count318
) (C:\Users\neosk\AppData\Local\Programs\MiKTeX\tex/latex/xcolor\xcolor.sty
Package: xcolor 2024/09/29 v3.02 LaTeX color extensions (UK)
 (C:\Users\neosk\AppData\Local\Programs\MiKTeX\tex/latex/graphics-cfg\color.cfg
File: color.cfg 2016/01/02 v1.6 sample color configuration
)
Package xcolor Info: Driver file: pdftex.def on input line 274.
 (C:\Users\neosk\AppData\Local\Programs\MiKTeX\tex/latex/graphics\mathcolor.ltx)
Package xcolor Info: Model `cmy' substituted by `cmy0' on input line 1349.
Package xcolor Info: Model `hsb' substituted by `rgb' on input line 1353.
Package xcolor Info: Model `RGB' extended on input line 1365.
Package xcolor Info: Model `HTML' substituted by `rgb' on input line 1367.
Package xcolor Info: Model `Hsb' substituted by `hsb' on input line 1368.
Package xcolor Info: Model `tHsb' substituted by `hsb' on input line 1369.
Package xcolor Info: Model `HSB' substituted by `hsb' on input line 1370.
Package xcolor Info: Model `Gray' substituted by `gray' on input line 1371.
Package xcolor Info: Model `wave' substituted by `hsb' on input line 1372.
) (C:\Users\neosk\AppData\Local\Programs\MiKTeX\tex/latex/graphics\dvipsnam.def
File: dvipsnam.def 2026-05-17 v3.0m Driver-dependent file (DPC,SPQR)
) (C:\Users\neosk\AppData\Local\Programs\MiKTeX\tex/latex/xcolor\x11nam.def
File: x11nam.def 2024/09/29 v3.02 Predefined colors according to Unix/X11 (UK)
) (C:\Users\neosk\AppData\Local\Programs\MiKTeX\tex/latex/xcolor\svgnam.def
File: svgnam.def 2024/09/29 v3.02 Predefined colors according to SVG 1.1 (UK)
) (C:\Users\neosk\AppData\Local\Programs\MiKTeX\tex/latex/beamertheme-tcolorbox\talkthemetcolorbox.sty
Package: talkthemetcolorbox 2026/01/16 version v1.4 Beamer blocks with tcolorboxes
 (C:\Users\neosk\AppData\Local\Programs\MiKTeX\tex/latex/tcolorbox\tcolorbox.sty
Package: tcolorbox 2025/11/28 version 6.9.0 text color boxes
 (C:\Users\neosk\AppData\Local\Programs\MiKTeX\tex/latex/pgf/frontendlayer\tikz.sty (C:\Users\neosk\AppData\Local\Programs\MiKTeX\tex/latex/pgf/basiclayer\pgf.sty (C:\Users\neosk\AppData\Local\Programs\MiKTeX\tex/latex/pgf/utilities\pgfrcs.sty (C:\Users\neosk\AppData\Local\Programs\MiKTeX\tex/generic/pgf/utilities\pgfutil-common.tex
\pgfutil@everybye=\toks26
\pgfutil@tempdima=\dimen185
\pgfutil@tempdimb=\dimen186
) (C:\Users\neosk\AppData\Local\Programs\MiKTeX\tex/generic/pgf/utilities\pgfutil-latex.def
\pgfutil@abb=\box103
) (C:\Users\neosk\AppData\Local\Programs\MiKTeX\tex/generic/pgf/utilities\pgfrcs.code.tex (C:\Users\neosk\AppData\Local\Programs\MiKTeX\tex/generic/pgf\pgf.revision.tex)
Package: pgfrcs 2025-08-29 v3.1.11a (3.1.11a)
))
Package: pgf 2025-08-29 v3.1.11a (3.1.11a)
 (C:\Users\neosk\AppData\Local\Programs\MiKTeX\tex/latex/pgf/basiclayer\pgfcore.sty (C:\Users\neosk\AppData\Local\Programs\MiKTeX\tex/latex/pgf/systemlayer\pgfsys.sty (C:\Users\neosk\AppData\Local\Programs\MiKTeX\tex/generic/pgf/systemlayer\pgfsys.code.tex
Package: pgfsys 2025-08-29 v3.1.11a (3.1.11a)
 (C:\Users\neosk\AppData\Local\Programs\MiKTeX\tex/generic/pgf/utilities\pgfkeys.code.tex
\pgfkeys@pathtoks=\toks27
\pgfkeys@temptoks=\toks28
 (C:\Users\neosk\AppData\Local\Programs\MiKTeX\tex/generic/pgf/utilities\pgfkeyslibraryfiltered.code.tex
\pgfkeys@tmptoks=\toks29
))
\pgf@x=\dimen187
\pgf@y=\dimen188
\pgf@xa=\dimen189
\pgf@ya=\dimen190
\pgf@xb=\dimen191
\pgf@yb=\dimen192
\pgf@xc=\dimen193
\pgf@yc=\dimen194
\pgf@xd=\dimen195
\pgf@yd=\dimen196
\w@pgf@writea=\write3
\r@pgf@reada=\read2
\c@pgf@counta=\count319
\c@pgf@countb=\count320
\c@pgf@countc=\count321
\c@pgf@countd=\count322
\t@pgf@toka=\toks30
\t@pgf@tokb=\toks31
\t@pgf@tokc=\toks32
\pgf@sys@id@count=\count323
 (C:\Users\neosk\AppData\Local\Programs\MiKTeX\tex/generic/pgf/systemlayer\pgf.cfg
File: pgf.cfg 2025-08-29 v3.1.11a (3.1.11a)
)
Driver file for pgf: pgfsys-pdftex.def
 (C:\Users\neosk\AppData\Local\Programs\MiKTeX\tex/generic/pgf/systemlayer\pgfsys-pdftex.def
File: pgfsys-pdftex.def 2025-08-29 v3.1.11a (3.1.11a)
 (C:\Users\neosk\AppData\Local\Programs\MiKTeX\tex/generic/pgf/systemlayer\pgfsys-common-pdf.def
File: pgfsys-common-pdf.def 2025-08-29 v3.1.11a (3.1.11a)
))) (C:\Users\neosk\AppData\Local\Programs\MiKTeX\tex/generic/pgf/systemlayer\pgfsyssoftpath.code.tex
File: pgfsyssoftpath.code.tex 2025-08-29 v3.1.11a (3.1.11a)
\pgfsyssoftpath@smallbuffer@items=\count324
\pgfsyssoftpath@bigbuffer@items=\count325
) (C:\Users\neosk\AppData\Local\Programs\MiKTeX\tex/generic/pgf/systemlayer\pgfsysprotocol.code.tex
File: pgfsysprotocol.code.tex 2025-08-29 v3.1.11a (3.1.11a)
)) (C:\Users\neosk\AppData\Local\Programs\MiKTeX\tex/generic/pgf/basiclayer\pgfcore.code.tex
Package: pgfcore 2025-08-29 v3.1.11a (3.1.11a)
 (C:\Users\neosk\AppData\Local\Programs\MiKTeX\tex/generic/pgf/math\pgfmath.code.tex (C:\Users\neosk\AppData\Local\Programs\MiKTeX\tex/generic/pgf/math\pgfmathutil.code.tex) (C:\Users\neosk\AppData\Local\Programs\MiKTeX\tex/generic/pgf/math\pgfmathparser.code.tex
\pgfmath@dimen=\dimen197
\pgfmath@count=\count326
\pgfmath@box=\box104
\pgfmath@toks=\toks33
\pgfmath@stack@operand=\toks34
\pgfmath@stack@operation=\toks35
) (C:\Users\neosk\AppData\Local\Programs\MiKTeX\tex/generic/pgf/math\pgfmathfunctions.code.tex) (C:\Users\neosk\AppData\Local\Programs\MiKTeX\tex/generic/pgf/math\pgfmathfunctions.basic.code.tex) (C:\Users\neosk\AppData\Local\Programs\MiKTeX\tex/generic/pgf/math\pgfmathfunctions.trigonometric.code.tex) (C:\Users\neosk\AppData\Local\Programs\MiKTeX\tex/generic/pgf/math\pgfmathfunctions.random.code.tex) (C:\Users\neosk\AppData\Local\Programs\MiKTeX\tex/generic/pgf/math\pgfmathfunctions.comparison.code.tex) (C:\Users\neosk\AppData\Local\Programs\MiKTeX\tex/generic/pgf/math\pgfmathfunctions.base.code.tex) (C:\Users\neosk\AppData\Local\Programs\MiKTeX\tex/generic/pgf/math\pgfmathfunctions.round.code.tex) (C:\Users\neosk\AppData\Local\Programs\MiKTeX\tex/generic/pgf/math\pgfmathfunctions.misc.code.tex) (C:\Users\neosk\AppData\Local\Programs\MiKTeX\tex/generic/pgf/math\pgfmathfunctions.integerarithmetics.code.tex) (C:\Users\neosk\AppData\Local\Programs\MiKTeX\tex/generic/pgf/math\pgfmathcalc.code.tex) (C:\Users\neosk\AppData\Local\Programs\MiKTeX\tex/generic/pgf/math\pgfmathfloat.code.tex
\c@pgfmathroundto@lastzeros=\count327
)) (C:\Users\neosk\AppData\Local\Programs\MiKTeX\tex/generic/pgf/math\pgfint.code.tex) (C:\Users\neosk\AppData\Local\Programs\MiKTeX\tex/generic/pgf/basiclayer\pgfcorepoints.code.tex
File: pgfcorepoints.code.tex 2025-08-29 v3.1.11a (3.1.11a)
\pgf@picminx=\dimen198
\pgf@picmaxx=\dimen199
\pgf@picminy=\dimen256
\pgf@picmaxy=\dimen257
\pgf@pathminx=\dimen258
\pgf@pathmaxx=\dimen259
\pgf@pathminy=\dimen260
\pgf@pathmaxy=\dimen261
\pgf@xx=\dimen262
\pgf@xy=\dimen263
\pgf@yx=\dimen264
\pgf@yy=\dimen265
\pgf@zx=\dimen266
\pgf@zy=\dimen267
) (C:\Users\neosk\AppData\Local\Programs\MiKTeX\tex/generic/pgf/basiclayer\pgfcorepathconstruct.code.tex
File: pgfcorepathconstruct.code.tex 2025-08-29 v3.1.11a (3.1.11a)
\pgf@path@lastx=\dimen268
\pgf@path@lasty=\dimen269
) (C:\Users\neosk\AppData\Local\Programs\MiKTeX\tex/generic/pgf/basiclayer\pgfcorepathusage.code.tex
File: pgfcorepathusage.code.tex 2025-08-29 v3.1.11a (3.1.11a)
\pgf@shorten@end@additional=\dimen270
\pgf@shorten@start@additional=\dimen271
) (C:\Users\neosk\AppData\Local\Programs\MiKTeX\tex/generic/pgf/basiclayer\pgfcorescopes.code.tex
File: pgfcorescopes.code.tex 2025-08-29 v3.1.11a (3.1.11a)
\pgfpic=\box105
\pgf@hbox=\box106
\pgf@layerbox@main=\box107
\pgf@picture@serial@count=\count328
) (C:\Users\neosk\AppData\Local\Programs\MiKTeX\tex/generic/pgf/basiclayer\pgfcoregraphicstate.code.tex
File: pgfcoregraphicstate.code.tex 2025-08-29 v3.1.11a (3.1.11a)
\pgflinewidth=\dimen272
) (C:\Users\neosk\AppData\Local\Programs\MiKTeX\tex/generic/pgf/basiclayer\pgfcoretransformations.code.tex
File: pgfcoretransformations.code.tex 2025-08-29 v3.1.11a (3.1.11a)
\pgf@pt@x=\dimen273
\pgf@pt@y=\dimen274
\pgf@pt@temp=\dimen275
) (C:\Users\neosk\AppData\Local\Programs\MiKTeX\tex/generic/pgf/basiclayer\pgfcorequick.code.tex
File: pgfcorequick.code.tex 2025-08-29 v3.1.11a (3.1.11a)
) (C:\Users\neosk\AppData\Local\Programs\MiKTeX\tex/generic/pgf/basiclayer\pgfcoreobjects.code.tex
File: pgfcoreobjects.code.tex 2025-08-29 v3.1.11a (3.1.11a)
) (C:\Users\neosk\AppData\Local\Programs\MiKTeX\tex/generic/pgf/basiclayer\pgfcorepathprocessing.code.tex
File: pgfcorepathprocessing.code.tex 2025-08-29 v3.1.11a (3.1.11a)
) (C:\Users\neosk\AppData\Local\Programs\MiKTeX\tex/generic/pgf/basiclayer\pgfcorearrows.code.tex
File: pgfcorearrows.code.tex 2025-08-29 v3.1.11a (3.1.11a)
\pgfarrowsep=\dimen276
) (C:\Users\neosk\AppData\Local\Programs\MiKTeX\tex/generic/pgf/basiclayer\pgfcoreshade.code.tex
File: pgfcoreshade.code.tex 2025-08-29 v3.1.11a (3.1.11a)
\pgf@max=\dimen277
\pgf@sys@shading@range@num=\count329
\pgf@shadingcount=\count330
) (C:\Users\neosk\AppData\Local\Programs\MiKTeX\tex/generic/pgf/basiclayer\pgfcoreimage.code.tex
File: pgfcoreimage.code.tex 2025-08-29 v3.1.11a (3.1.11a)
) (C:\Users\neosk\AppData\Local\Programs\MiKTeX\tex/generic/pgf/basiclayer\pgfcoreexternal.code.tex
File: pgfcoreexternal.code.tex 2025-08-29 v3.1.11a (3.1.11a)
\pgfexternal@startupbox=\box108
) (C:\Users\neosk\AppData\Local\Programs\MiKTeX\tex/generic/pgf/basiclayer\pgfcorelayers.code.tex
File: pgfcorelayers.code.tex 2025-08-29 v3.1.11a (3.1.11a)
) (C:\Users\neosk\AppData\Local\Programs\MiKTeX\tex/generic/pgf/basiclayer\pgfcoretransparency.code.tex
File: pgfcoretransparency.code.tex 2025-08-29 v3.1.11a (3.1.11a)
) (C:\Users\neosk\AppData\Local\Programs\MiKTeX\tex/generic/pgf/basiclayer\pgfcorepatterns.code.tex
File: pgfcorepatterns.code.tex 2025-08-29 v3.1.11a (3.1.11a)
) (C:\Users\neosk\AppData\Local\Programs\MiKTeX\tex/generic/pgf/basiclayer\pgfcorerdf.code.tex
File: pgfcorerdf.code.tex 2025-08-29 v3.1.11a (3.1.11a)
))) (C:\Users\neosk\AppData\Local\Programs\MiKTeX\tex/generic/pgf/modules\pgfmoduleshapes.code.tex
File: pgfmoduleshapes.code.tex 2025-08-29 v3.1.11a (3.1.11a)
\pgfnodeparttextbox=\box109
) (C:\Users\neosk\AppData\Local\Programs\MiKTeX\tex/generic/pgf/modules\pgfmoduleplot.code.tex
File: pgfmoduleplot.code.tex 2025-08-29 v3.1.11a (3.1.11a)
) (C:\Users\neosk\AppData\Local\Programs\MiKTeX\tex/latex/pgf/compatibility\pgfcomp-version-0-65.sty
Package: pgfcomp-version-0-65 2025-08-29 v3.1.11a (3.1.11a)
\pgf@nodesepstart=\dimen278
\pgf@nodesepend=\dimen279
) (C:\Users\neosk\AppData\Local\Programs\MiKTeX\tex/latex/pgf/compatibility\pgfcomp-version-1-18.sty
Package: pgfcomp-version-1-18 2025-08-29 v3.1.11a (3.1.11a)
)) (C:\Users\neosk\AppData\Local\Programs\MiKTeX\tex/latex/pgf/utilities\pgffor.sty (C:\Users\neosk\AppData\Local\Programs\MiKTeX\tex/latex/pgf/utilities\pgfkeys.sty (C:\Users\neosk\AppData\Local\Programs\MiKTeX\tex/generic/pgf/utilities\pgfkeys.code.tex)) (C:\Users\neosk\AppData\Local\Programs\MiKTeX\tex/latex/pgf/math\pgfmath.sty (C:\Users\neosk\AppData\Local\Programs\MiKTeX\tex/generic/pgf/math\pgfmath.code.tex)) (C:\Users\neosk\AppData\Local\Programs\MiKTeX\tex/generic/pgf/utilities\pgffor.code.tex
Package: pgffor 2025-08-29 v3.1.11a (3.1.11a)
\pgffor@iter=\dimen280
\pgffor@skip=\dimen281
\pgffor@stack=\toks36
\pgffor@toks=\toks37
)) (C:\Users\neosk\AppData\Local\Programs\MiKTeX\tex/generic/pgf/frontendlayer/tikz\tikz.code.tex
Package: tikz 2025-08-29 v3.1.11a (3.1.11a)
 (C:\Users\neosk\AppData\Local\Programs\MiKTeX\tex/generic/pgf/libraries\pgflibraryplothandlers.code.tex
File: pgflibraryplothandlers.code.tex 2025-08-29 v3.1.11a (3.1.11a)
\pgf@plot@mark@count=\count331
\pgfplotmarksize=\dimen282
)
\tikz@lastx=\dimen283
\tikz@lasty=\dimen284
\tikz@lastxsaved=\dimen285
\tikz@lastysaved=\dimen286
\tikz@lastmovetox=\dimen287
\tikz@lastmovetoy=\dimen288
\tikzleveldistance=\dimen289
\tikzsiblingdistance=\dimen290
\tikz@figbox=\box110
\tikz@figbox@bg=\box111
\tikz@tempbox=\box112
\tikz@tempbox@bg=\box113
\tikztreelevel=\count332
\tikznumberofchildren=\count333
\tikznumberofcurrentchild=\count334
\tikz@fig@count=\count335
 (C:\Users\neosk\AppData\Local\Programs\MiKTeX\tex/generic/pgf/modules\pgfmodulematrix.code.tex
File: pgfmodulematrix.code.tex 2025-08-29 v3.1.11a (3.1.11a)
\pgfmatrixcurrentrow=\count336
\pgfmatrixcurrentcolumn=\count337
\pgf@matrix@numberofcolumns=\count338
)
\tikz@expandcount=\count339
 (C:\Users\neosk\AppData\Local\Programs\MiKTeX\tex/generic/pgf/frontendlayer/tikz/libraries\tikzlibrarytopaths.code.tex
File: tikzlibrarytopaths.code.tex 2025-08-29 v3.1.11a (3.1.11a)
))) (C:\Users\neosk\AppData\Local\Programs\MiKTeX\tex/latex/tools\verbatim.sty
Package: verbatim 2024-01-22 v1.5x LaTeX2e package for verbatim enhancements
\every@verbatim=\toks38
\verbatim@line=\toks39
\verbatim@in@stream=\read3
) (C:\Users\neosk\AppData\Local\Programs\MiKTeX\tex/latex/environ\environ.sty
Package: environ 2014/05/04 v0.3 A new way to define environments
 (C:\Users\neosk\AppData\Local\Programs\MiKTeX\tex/latex/trimspaces\trimspaces.sty
Package: trimspaces 2009/09/17 v1.1 Trim spaces around a token list
)
\@envbody=\toks40
)
\tcb@titlebox=\box114
\tcb@upperbox=\box115
\tcb@lowerbox=\box116
\tcb@phantombox=\box117
\c@tcbbreakpart=\count340
\c@tcblayer=\count341
\c@tcolorbox@number=\count342
\l__tcobox_tmpa_box=\box118
\l__tcobox_tmpa_dim=\dimen291
\tcb@temp=\box119
\tcb@temp=\box120
\tcb@temp=\box121
\tcb@temp=\box122
) (C:\Users\neosk\AppData\Local\Programs\MiKTeX\tex/latex/tcolorbox\tcbskins.code.tex
Library (tcolorbox): 'tcbskins.code.tex' version '6.9.0'
(C:\Users\neosk\AppData\Local\Programs\MiKTeX\tex/latex/tikzfill\tikzfill.image.sty
Package: tikzfill.image 2023/08/08 v1.0.1 Image filling library for TikZ
 (C:\Users\neosk\AppData\Local\Programs\MiKTeX\tex/latex/tikzfill\tikzfill-common.sty
Package: tikzfill-common 2023/08/08 v1.0.1 Auxiliary code for tikzfill
) (C:\Users\neosk\AppData\Local\Programs\MiKTeX\tex/latex/tikzfill\tikzlibraryfill.image.code.tex
File: tikzlibraryfill.image.code.tex 2023/08/08 v1.0.1 Image filling library
\l__tikzfill_img_box=\box123
)) (C:\Users\neosk\AppData\Local\Programs\MiKTeX\tex/latex/tcolorbox\tcbskinsjigsaw.code.tex
Library (tcolorbox): 'tcbskinsjigsaw.code.tex' version '6.9.0'
)) (C:\Users\neosk\AppData\Local\Programs\MiKTeX\tex/latex/tcolorbox\tcbhooks.code.tex
Library (tcolorbox): 'tcbhooks.code.tex' version '6.9.0'
)) (C:\Users\neosk\AppData\Local\Programs\MiKTeX\tex/latex/amsfonts\amssymb.sty
Package: amssymb 2013/01/14 v3.01 AMS font symbols
 (C:\Users\neosk\AppData\Local\Programs\MiKTeX\tex/latex/amsfonts\amsfonts.sty
Package: amsfonts 2013/01/14 v3.01 Basic AMSFonts support
\@emptytoks=\toks41
\symAMSa=\mathgroup4
\symAMSb=\mathgroup5
LaTeX Font Info:    Redeclaring math symbol \hbar on input line 98.
LaTeX Font Info:    Overwriting math alphabet `\mathfrak' in version `bold'
(Font)                  U/euf/m/n --> U/euf/b/n on input line 106.
)) (C:\Users\neosk\AppData\Local\Programs\MiKTeX\tex/latex/amsmath\amsmath.sty
Package: amsmath 2026/05/19 v2.18d AMS math features
\@mathmargin=\skip56

For additional information on amsmath, use the `?' option.
(C:\Users\neosk\AppData\Local\Programs\MiKTeX\tex/latex/amsmath\amstext.sty
Package: amstext 2024/11/17 v2.01 AMS text
 (C:\Users\neosk\AppData\Local\Programs\MiKTeX\tex/latex/amsmath\amsgen.sty
File: amsgen.sty 1999/11/30 v2.0 generic functions
\@emptytoks=\toks42
\ex@=\dimen292
)) (C:\Users\neosk\AppData\Local\Programs\MiKTeX\tex/latex/amsmath\amsbsy.sty
Package: amsbsy 1999/11/29 v1.2d Bold Symbols
\pmbraise@=\dimen293
) (C:\Users\neosk\AppData\Local\Programs\MiKTeX\tex/latex/amsmath\amsopn.sty
Package: amsopn 2022/04/08 v2.04 operator names
)
\inf@bad=\count343
LaTeX Info: Redefining \frac on input line 233.
\uproot@=\count344
\leftroot@=\count345
LaTeX Info: Redefining \overline on input line 398.
LaTeX Info: Redefining \colon on input line 409.
\classnum@=\count346
\DOTSCASE@=\count347
LaTeX Info: Redefining \ldots on input line 495.
LaTeX Info: Redefining \dots on input line 498.
LaTeX Info: Redefining \cdots on input line 619.
\Mathstrutbox@=\box124
\strutbox@=\box125
LaTeX Info: Redefining \big on input line 721.
LaTeX Info: Redefining \Big on input line 722.
LaTeX Info: Redefining \bigg on input line 723.
LaTeX Info: Redefining \Bigg on input line 724.
\big@size=\dimen294
LaTeX Font Info:    Redeclaring font encoding OML on input line 742.
LaTeX Font Info:    Redeclaring font encoding OMS on input line 743.
\macc@depth=\count348
LaTeX Info: Redefining \bmod on input line 904.
LaTeX Info: Redefining \pmod on input line 909.
LaTeX Info: Redefining \smash on input line 939.
LaTeX Info: Redefining \relbar on input line 969.
LaTeX Info: Redefining \Relbar on input line 970.
\c@MaxMatrixCols=\count349
\dotsspace@=\muskip18
\c@parentequation=\count350
\dspbrk@lvl=\count351
\tag@help=\toks43
\row@=\count352
\column@=\count353
\maxfields@=\count354
\andhelp@=\toks44
\eqnshift@=\dimen295
\alignsep@=\dimen296
\tagshift@=\dimen297
\tagwidth@=\dimen298
\totwidth@=\dimen299
\lineht@=\dimen300
\@envbody=\toks45
\multlinegap=\skip57
\multlinetaggap=\skip58
\mathdisplay@stack=\toks46
LaTeX Info: Redefining \[ on input line 2965.
LaTeX Info: Redefining \] on input line 2966.
) (C:\Users\neosk\AppData\Local\Programs\MiKTeX\tex/latex/siunitx\siunitx.sty
Package: siunitx 2025-07-09 v3.4.14 A comprehensive (SI) units package
\l__siunitx_number_uncert_offset_int=\count355
\l__siunitx_number_exponent_fixed_int=\count356
\l__siunitx_number_min_decimal_int=\count357
\l__siunitx_number_min_integer_int=\count358
\l__siunitx_number_round_precision_int=\count359
\l__siunitx_number_lower_threshold_int=\count360
\l__siunitx_number_upper_threshold_int=\count361
\l__siunitx_number_group_first_int=\count362
\l__siunitx_number_group_size_int=\count363
\l__siunitx_number_group_minimum_int=\count364
\l__siunitx_angle_tmp_dim=\dimen301
\l__siunitx_angle_marker_box=\box126
\l__siunitx_angle_unit_box=\box127
\l__siunitx_compound_count_int=\count365
 (C:\Users\neosk\AppData\Local\Programs\MiKTeX\tex/latex/translations\translations.sty
Package: translations 2022/02/05 v1.12 internationalization of LaTeX2e packages (CN)
)
\l__siunitx_table_tmp_box=\box128
\l__siunitx_table_tmp_dim=\dimen302
\l__siunitx_table_column_width_dim=\dimen303
\l__siunitx_table_integer_box=\box129
\l__siunitx_table_decimal_box=\box130
\l__siunitx_table_uncert_box=\box131
\l__siunitx_table_before_box=\box132
\l__siunitx_table_after_box=\box133
\l__siunitx_table_before_dim=\dimen304
\l__siunitx_table_carry_dim=\dimen305
\l__siunitx_unit_tmp_int=\count366
\l__siunitx_unit_position_int=\count367
\l__siunitx_unit_total_int=\count368

Package siunitx Info: Option "separate-uncertainty" has been deprecated in
(siunitx)             this release.
(siunitx)             
(siunitx)             Use "uncertainty-mode = separate" as a replacement.

) (C:\Users\neosk\AppData\Local\Programs\MiKTeX\tex/latex/physics\physics.sty
Package: physics 
 (C:\Users\neosk\AppData\Local\Programs\MiKTeX\tex/latex/l3packages/xparse\xparse.sty (C:\Users\neosk\AppData\Local\Programs\MiKTeX\tex/latex/l3kernel\expl3.sty
Package: expl3 2026-06-18 L3 programming layer (loader) 
 (C:\Users\neosk\AppData\Local\Programs\MiKTeX\tex/latex/l3backend\l3backend-pdftex.def
File: l3backend-pdftex.def 2026-02-18 L3 backend support: PDF output (pdfTeX)
\l__color_backend_stack_int=\count369
))
Package: xparse 2025-10-09 L3 Experimental document command parser
)) (C:\Users\neosk\AppData\Local\Programs\MiKTeX\tex/latex/cancel\cancel.sty
Package: cancel 2013/04/12 v2.2 Cancel math terms
) (C:\Users\neosk\AppData\Local\Programs\MiKTeX\tex/latex/bracealign\bracealign.sty
Package: bracealign 2025/04/17 v1.0 Align underbraces and overbraces
) (C:\Users\neosk\AppData\Local\Programs\MiKTeX\tex/latex/sansmath\sansmath.sty
Package: sansmath 2026/04/27  ver 1.2 Donald Arseneau
\c@mv@sans=\count370
LaTeX Font Info:    Overwriting math alphabet `\mathrm' in version `sans'
(Font)                  OT1/cmr/m/n --> OT1/cmss/m/n on input line 103.
LaTeX Font Info:    Overwriting math alphabet `\mathsfsl' in version `sans'
(Font)                  OT1/cmss/m/sl --> OT1/cmss/m/sl on input line 104.
LaTeX Font Info:    Overwriting symbol font `operators' in version `sans'
(Font)                  OT1/cmr/m/n --> OT1/cmss/m/n on input line 105.
LaTeX Font Info:    Overwriting symbol font `letters' in version `sans'
(Font)                  OML/cmm/m/it --> OML/cmm/m/it on input line 109.
LaTeX Font Info:    Overwriting symbol font `symbols' in version `sans'
(Font)                  OMS/cmsy/m/n --> OMS/cmsy/m/n on input line 110.
LaTeX Font Info:    Overwriting math alphabet `\mathsfbf' in version `sans'
(Font)                  OT1/cmss/bx/sl --> OT1/cmss/bx/n on input line 112.
\@eugreekOffset=\count371
\@euGREEKOffset=\count372
) (C:\Users\neosk\AppData\Local\Programs\MiKTeX\tex/latex/hvlogos\hvlogos.sty
Package: hvlogos 2025/10/29 v. 0.16 Logos (hv)
 (C:\Users\neosk\AppData\Local\Programs\MiKTeX\tex/latex/fetamont\fetamont.sty
Package: fetamont class to use the fetamont font
) (C:\Users\neosk\AppData\Local\Programs\MiKTeX\tex/generic/hologo\hologo.sty
Package: hologo 2025-11-11 v1.16 A logo collection with bookmark support (HO)
) (C:\Users\neosk\AppData\Local\Programs\MiKTeX\tex/latex/dantelogo\dantelogo.sty
Package: dantelogo 2015/08/12 v0.03
 `dantelogo' v0.03, 2015/08/12 macro for DANTE's logo (hv) We run (pdf)latex ...  (C:\Users\neosk\AppData\Local\Programs\MiKTeX\tex/latex/base\fontenc.sty
Package: fontenc 2025/07/18 v2.1d Standard LaTeX package
)) (C:\Users\neosk\AppData\Local\Programs\MiKTeX\tex/latex/tools\xspace.sty
Package: xspace 2014/10/28 v1.13 Space after command names (DPC,MH)
)) (C:\Users\neosk\AppData\Local\Programs\MiKTeX\tex/latex/anyfontsize\anyfontsize.sty
Package: anyfontsize 2007/11/22 anyfontsize.sty by pts
) (C:\Users\neosk\AppData\Local\Programs\MiKTeX\tex/latex/tools\afterpage.sty
Package: afterpage 2023/07/04 v1.08 After-Page Package (DPC)
\AP@output=\toks47
\AP@partial=\box134
\AP@footins=\box135
) (C:\Users\neosk\AppData\Local\Programs\MiKTeX\tex/latex/orcidlink\orcidlink.sty
Package: orcidlink 2026/04/09 v1.1.1 Add explicit etoolbox dependency.
 (C:\Users\neosk\AppData\Local\Programs\MiKTeX\tex/generic/pgf/frontendlayer/tikz/libraries\tikzlibrarysvg.path.code.tex
File: tikzlibrarysvg.path.code.tex 2025-08-29 v3.1.11a (3.1.11a)
 (C:\Users\neosk\AppData\Local\Programs\MiKTeX\tex/generic/pgf/libraries\pgflibrarysvg.path.code.tex
File: pgflibrarysvg.path.code.tex 2025-08-29 v3.1.11a (3.1.11a)
 (C:\Users\neosk\AppData\Local\Programs\MiKTeX\tex/generic/pgf/modules\pgfmoduleparser.code.tex
File: pgfmoduleparser.code.tex 2025-08-29 v3.1.11a (3.1.11a)
\pgfparserdef@arg@count=\count373
)
\pgf@lib@svg@last@x=\dimen306
\pgf@lib@svg@last@y=\dimen307
\pgf@lib@svg@last@c@x=\dimen308
\pgf@lib@svg@last@c@y=\dimen309
\pgf@lib@svg@count=\count374
\pgf@lib@svg@max@num=\count375
))
\@curXheight=\skip59
) (C:\Users\neosk\AppData\Local\Programs\MiKTeX\tex/latex/etoc\etoc.sty
Package: etoc 2026/05/04 v1.2e Completely customisable TOCs (JFB)
\Etoc@toctoks=\toks48
\c@etoc@tocid=\count376
\etoc@framed@titlebox=\box136
\etoc@framed@contentsbox=\box137
) (C:\Users\neosk\AppData\Local\Programs\MiKTeX\tex/latex/mdframed\mdframed.sty
Package: mdframed 2013/07/01 1.9b: mdframed
 (C:\Users\neosk\AppData\Local\Programs\MiKTeX\tex/latex/zref\zref-abspage.sty
Package: zref-abspage 2026-03-07 v2.37 Module abspage for zref (HO)
 (C:\Users\neosk\AppData\Local\Programs\MiKTeX\tex/latex/zref\zref-base.sty
Package: zref-base 2026-03-07 v2.37 Module base for zref (HO)
 (C:\Users\neosk\AppData\Local\Programs\MiKTeX\tex/generic/etexcmds\etexcmds.sty
Package: etexcmds 2019/12/15 v1.7 Avoid name clashes with e-TeX commands (HO)
) (C:\Users\neosk\AppData\Local\Programs\MiKTeX\tex/latex/auxhook\auxhook.sty
Package: auxhook 2019-12-17 v1.6 Hooks for auxiliary files (HO)
)
Package zref Info: New property list: main on input line 767.
Package zref Info: New property: default on input line 768.
Package zref Info: New property: page on input line 769.
)
\c@abspage=\count377
Package zref Info: New property: abspage on input line 67.
) (C:\Users\neosk\AppData\Local\Programs\MiKTeX\tex/latex/needspace\needspace.sty
Package: needspace 2025/03/13 v1.3e reserve vertical space
)
\mdf@templength=\skip60
\c@mdf@globalstyle@cnt=\count378
\mdf@skipabove@length=\skip61
\mdf@skipbelow@length=\skip62
\mdf@leftmargin@length=\skip63
\mdf@rightmargin@length=\skip64
\mdf@innerleftmargin@length=\skip65
\mdf@innerrightmargin@length=\skip66
\mdf@innertopmargin@length=\skip67
\mdf@innerbottommargin@length=\skip68
\mdf@splittopskip@length=\skip69
\mdf@splitbottomskip@length=\skip70
\mdf@outermargin@length=\skip71
\mdf@innermargin@length=\skip72
\mdf@linewidth@length=\skip73
\mdf@innerlinewidth@length=\skip74
\mdf@middlelinewidth@length=\skip75
\mdf@outerlinewidth@length=\skip76
\mdf@roundcorner@length=\skip77
\mdf@footenotedistance@length=\skip78
\mdf@userdefinedwidth@length=\skip79
\mdf@needspace@length=\skip80
\mdf@frametitleaboveskip@length=\skip81
\mdf@frametitlebelowskip@length=\skip82
\mdf@frametitlerulewidth@length=\skip83
\mdf@frametitleleftmargin@length=\skip84
\mdf@frametitlerightmargin@length=\skip85
\mdf@shadowsize@length=\skip86
\mdf@extratopheight@length=\skip87
\mdf@subtitleabovelinewidth@length=\skip88
\mdf@subtitlebelowlinewidth@length=\skip89
\mdf@subtitleaboveskip@length=\skip90
\mdf@subtitlebelowskip@length=\skip91
\mdf@subtitleinneraboveskip@length=\skip92
\mdf@subtitleinnerbelowskip@length=\skip93
\mdf@subsubtitleabovelinewidth@length=\skip94
\mdf@subsubtitlebelowlinewidth@length=\skip95
\mdf@subsubtitleaboveskip@length=\skip96
\mdf@subsubtitlebelowskip@length=\skip97
\mdf@subsubtitleinneraboveskip@length=\skip98
\mdf@subsubtitleinnerbelowskip@length=\skip99
 (C:\Users\neosk\AppData\Local\Programs\MiKTeX\tex/latex/mdframed\md-frame-0.mdf
File: md-frame-0.mdf 2013/07/01\ 1.9b: md-frame-0
)
\mdf@frametitlebox=\box138
\mdf@footnotebox=\box139
\mdf@splitbox@one=\box140
\mdf@splitbox@two=\box141
\mdf@splitbox@save=\box142
\mdfsplitboxwidth=\skip100
\mdfsplitboxtotalwidth=\skip101
\mdfsplitboxheight=\skip102
\mdfsplitboxdepth=\skip103
\mdfsplitboxtotalheight=\skip104
\mdfframetitleboxwidth=\skip105
\mdfframetitleboxtotalwidth=\skip106
\mdfframetitleboxheight=\skip107
\mdfframetitleboxdepth=\skip108
\mdfframetitleboxtotalheight=\skip109
\mdffootnoteboxwidth=\skip110
\mdffootnoteboxtotalwidth=\skip111
\mdffootnoteboxheight=\skip112
\mdffootnoteboxdepth=\skip113
\mdffootnoteboxtotalheight=\skip114
\mdftotallinewidth=\skip115
\mdfboundingboxwidth=\skip116
\mdfboundingboxtotalwidth=\skip117
\mdfboundingboxheight=\skip118
\mdfboundingboxdepth=\skip119
\mdfboundingboxtotalheight=\skip120
\mdf@freevspace@length=\skip121
\mdf@horizontalwidthofbox@length=\skip122
\mdf@verticalmarginwhole@length=\skip123
\mdf@horizontalspaceofbox=\skip124
\mdfsubtitleheight=\skip125
\mdfsubsubtitleheight=\skip126
\c@mdfcountframes=\count379

****** mdframed patching \endmdf@trivlist

****** -- success******

\mdf@envdepth=\count380
\c@mdf@env@i=\count381
\c@mdf@env@ii=\count382
\c@mdf@zref@counter=\count383
Package zref Info: New property: mdf@pagevalue on input line 895.
) (C:\Users\neosk\AppData\Local\Programs\MiKTeX\tex/latex/minted\minted.sty
Package: minted 2026/03/03 v3.8.0 Yet another Pygments shim for LaTeX
 (C:\Users\neosk\AppData\Local\Programs\MiKTeX\tex/generic/catchfile\catchfile.sty
Package: catchfile 2019/12/09 v1.8 Catch the contents of a file (HO)
) (C:\Users\neosk\AppData\Local\Programs\MiKTeX\tex/latex/fvextra\fvextra.sty
Package: fvextra 2026/02/25 v1.14.0 fvextra - extensions and patches for fancyvrb
 (C:\Users\neosk\AppData\Local\Programs\MiKTeX\tex/latex/fancyvrb\fancyvrb.sty
Package: fancyvrb 2026/04/16 4.6a verbatim text (tvz,hv)
\FV@CodeLineNo=\count384
\FV@InFile=\read4
\FV@TabBox=\box143
\c@FancyVerbLine=\count385
\FV@StepNumber=\count386
\FV@OutFile=\write4
) (C:\Users\neosk\AppData\Local\Programs\MiKTeX\tex/latex/upquote\upquote.sty
Package: upquote 2012/04/19 v1.3 upright-quote and grave-accent glyphs in verbatim
 (C:\Users\neosk\AppData\Local\Programs\MiKTeX\tex/latex/base\textcomp.sty
Package: textcomp 2024/04/24 v2.1b Standard LaTeX package
)) (C:\Users\neosk\AppData\Local\Programs\MiKTeX\tex/latex/lineno\lineno.sty
Package: lineno 2026/03/08 line numbers on paragraphs v5.9
\linenopenalty=\count387
\output=\toks49
\linenoprevgraf=\count388
\linenumbersep=\dimen310
\linenumberwidth=\dimen311
\c@linenumber=\count389
\c@pagewiselinenumber=\count390
\c@LN@truepage=\count391
\c@internallinenumber=\count392
\c@internallinenumbers=\count393
\quotelinenumbersep=\dimen312
\bframerule=\dimen313
\bframesep=\dimen314
\bframebox=\box144
\@LN@amsmath@ams@eqpen=\count394
)
\c@FancyVerbWriteLine=\count395
\c@FancyVerbBufferLine=\count396
\c@FV@TrueTabGroupLevel=\count397
\c@FV@TrueTabCounter=\count398
\FV@TabBox@Group=\box145
\FV@bgcolorstructbox=\box146
\FV@TmpLength=\skip127
\c@FV@HighlightLinesStart=\count399
\c@FV@HighlightLinesStop=\count400
\FV@LoopCount=\count401
\FV@NCharsBox=\box147
\FV@BreakIndent=\dimen315
\FV@BreakIndentNChars=\count402
\FV@BreakSymbolSepLeft=\dimen316
\FV@BreakSymbolSepLeftNChars=\count403
\FV@BreakSymbolSepRight=\dimen317
\FV@BreakSymbolSepRightNChars=\count404
\FV@BreakSymbolIndentLeft=\dimen318
\FV@BreakSymbolIndentLeftNChars=\count405
\FV@BreakSymbolIndentRight=\dimen319
\FV@BreakSymbolIndentRightNChars=\count406
\c@FancyVerbLineBreakLast=\count407
\FV@LineBox=\box148
\FV@LineIndentBox=\box149
\c@FV@BreakBufferDepth=\count408
\FV@LineWidth=\dimen320
) (C:\Users\neosk\AppData\Local\Programs\MiKTeX\tex/latex/latex2pydata\latex2pydata.sty
Package: latex2pydata 2026/02/25 v0.7.0 latex2pydata - write data to file in Python literal format
) (C:\Users\neosk\AppData\Local\Programs\MiKTeX\tex/latex/pgfopts\pgfopts.sty
Package: pgfopts 2014/07/10 v2.1a LaTeX package options with pgfkeys
\pgfopts@list@add@a@toks=\toks50
\pgfopts@list@add@b@toks=\toks51
) (C:\Users\neosk\AppData\Local\Programs\MiKTeX\tex/latex/tools\shellesc.sty
Package: shellesc 2023/07/08 v1.0d unified shell escape interface for LaTeX
Package shellesc Info: Unrestricted shell escape enabled on input line 75.
)
\c@minted@FancyVerbLineTemp=\count409
\@float@every@listing=\toks52
\c@listing=\count410
) (C:\Users\neosk\AppData\Local\Programs\MiKTeX\tex/latex/titlesec\titlesec.sty
Package: titlesec 2025/01/04 v2.17 Sectioning titles
\ttl@box=\box150
\beforetitleunit=\skip128
\aftertitleunit=\skip129
\ttl@plus=\dimen321
\ttl@minus=\dimen322
\ttl@toksa=\toks53
\titlewidth=\dimen323
\titlewidthlast=\dimen324
\titlewidthfirst=\dimen325
) (C:\Users\neosk\AppData\Local\Programs\MiKTeX\tex/latex/microtype\microtype.sty
Package: microtype 2026/03/01 v3.2d Micro-typographical refinements (RS)
\MT@toks=\toks54
\MT@tempbox=\box151
\MT@count=\count411
LaTeX Info: Redefining \noprotrusionifhmode on input line 1084.
LaTeX Info: Redefining \leftprotrusion on input line 1085.
\MT@prot@toks=\toks55
LaTeX Info: Redefining \rightprotrusion on input line 1104.
LaTeX Info: Redefining \textls on input line 1449.
\MT@outer@kern=\dimen326
LaTeX Info: Redefining \microtypecontext on input line 2053.
LaTeX Info: Redefining \textmicrotypecontext on input line 2070.
\MT@listname@count=\count412
 (C:\Users\neosk\AppData\Local\Programs\MiKTeX\tex/latex/microtype\microtype-pdftex.def
File: microtype-pdftex.def 2026/03/01 v3.2d Definitions specific to pdftex (RS)
LaTeX Info: Redefining \lsstyle on input line 944.
LaTeX Info: Redefining \lslig on input line 944.
\MT@outer@space=\skip130
)
Package microtype Info: Loading configuration file microtype.cfg.
 (C:\Users\neosk\AppData\Local\Programs\MiKTeX\tex/latex/microtype\microtype.cfg
File: microtype.cfg 2026/03/01 v3.2d microtype main configuration file (RS)
)
LaTeX Info: Redefining \microtypesetup on input line 3065.
)
Package translations Info: No language package found. I am going to use `english' as default language. on input line 108.
 (main.aux

LaTeX Warning: Label `hutley_1982' multiply defined.

)
\openout1 = `main.aux'.

LaTeX Font Info:    Checking defaults for OML/cmm/m/it on input line 108.
LaTeX Font Info:    ... okay on input line 108.
LaTeX Font Info:    Checking defaults for OMS/cmsy/m/n on input line 108.
LaTeX Font Info:    ... okay on input line 108.
LaTeX Font Info:    Checking defaults for OT1/cmr/m/n on input line 108.
LaTeX Font Info:    ... okay on input line 108.
LaTeX Font Info:    Checking defaults for T1/cmr/m/n on input line 108.
LaTeX Font Info:    ... okay on input line 108.
LaTeX Font Info:    Checking defaults for TS1/cmr/m/n on input line 108.
LaTeX Font Info:    ... okay on input line 108.
LaTeX Font Info:    Checking defaults for OMX/cmex/m/n on input line 108.
LaTeX Font Info:    ... okay on input line 108.
LaTeX Font Info:    Checking defaults for U/cmr/m/n on input line 108.
LaTeX Font Info:    ... okay on input line 108.
LaTeX Font Info:    Checking defaults for PD1/pdf/m/n on input line 108.
LaTeX Font Info:    ... okay on input line 108.
LaTeX Font Info:    Checking defaults for PU/pdf/m/n on input line 108.
LaTeX Font Info:    ... okay on input line 108.

*geometry* driver: auto-detecting
*geometry* detected driver: pdftex
*geometry* verbose mode - [ preamble ] result:
* driver: pdftex
* paper: a5paper
* layout: <same size as paper>
* layoutoffset:(h,v)=(0.0pt,0.0pt)
* modes: includehead includefoot twoside 
* h-part:(L,W,R)=(19.91684pt, 381.2671pt, 19.91684pt)
* v-part:(T,H,B)=(19.91684pt, 557.6742pt, 19.91684pt)
* \paperwidth=421.10078pt
* \paperheight=597.50787pt
* \textwidth=381.2671pt
* \textheight=502.31177pt
* \oddsidemargin=-52.35315pt
* \evensidemargin=-52.35315pt
* \topmargin=-52.35315pt
* \headheight=12.0pt
* \headsep=18.06749pt
* \topskip=10.0pt
* \footskip=25.29494pt
* \marginparwidth=125.0pt
* \marginparsep=7.0pt
* \columnsep=10.0pt
* \skip\footins=9.0pt plus 4.0pt minus 2.0pt
* \hoffset=0.0pt
* \voffset=0.0pt
* \mag=1000
* \@twocolumnfalse
* \@twosidetrue
* \@mparswitchtrue
* \@reversemarginfalse
* (1in=72.27pt=25.4mm, 1cm=28.453pt)

Package hyperref Info: Link coloring ON on input line 108.
(main.out) (main.out)
\@outlinefile=\write5
\openout5 = `main.out'.

 (C:\Users\neosk\AppData\Local\Programs\MiKTeX\tex/context/base/mkii\supp-pdf.mkii
[Loading MPS to PDF converter (version 2006.09.02).]
\scratchcounter=\count413
\scratchdimen=\dimen327
\scratchbox=\box152
\nofMPsegments=\count414
\nofMParguments=\count415
\everyMPshowfont=\toks56
\MPscratchCnt=\count416
\MPscratchDim=\dimen328
\MPnumerator=\count417
\makeMPintoPDFobject=\count418
\everyMPtoPDFconversion=\toks57
) (C:\Users\neosk\AppData\Local\Programs\MiKTeX\tex/latex/epstopdf-pkg\epstopdf-base.sty
Package: epstopdf-base 2020-01-24 v2.11 Base part for package epstopdf
 (C:\Users\neosk\AppData\Local\Programs\MiKTeX\tex/latex/grfext\grfext.sty
Package: grfext 2019/12/03 v1.3 Manage graphics extensions (HO)
)
Package epstopdf-base Info: Redefining graphics rule for `.eps' on input line 485.
Package grfext Info: Graphics extension search list:
(grfext)             [.pdf,.png,.jpg,.mps,.jpeg,.jbig2,.jb2,.PDF,.PNG,.JPG,.JPEG,.JBIG2,.JB2,.eps]
(grfext)             \AppendGraphicsExtensions on input line 504.
 (C:\Users\neosk\AppData\Local\Programs\MiKTeX\tex/latex/00miktex\epstopdf-sys.cfg
File: epstopdf-sys.cfg 2021/03/18 v2.0 Configuration of epstopdf for MiKTeX
))
Package caption Info: Begin \AtBeginDocument code.
Package caption Info: End \AtBeginDocument code.


Package siunitx Warning: Detected the "physics" package:
(siunitx)                omitting definition of \qty.
(siunitx)                
(siunitx)                If you want to use \qty with the siunitx definition,
(siunitx)                add 
(siunitx)                
(siunitx)                    \AtBeginDocument{\RenewCommandCopy\qty\SI}
(siunitx)                
(siunitx)                to your preamble.

(C:\Users\neosk\AppData\Local\Programs\MiKTeX\tex/latex/translations/dicts\translations-basic-dictionary-english.trsl
File: translations-basic-dictionary-english.trsl (english translation file `translations-basic-dictionary')
)
Package translations Info: loading dictionary `translations-basic-dictionary' for `english'. on input line 108.
\Etoc@tf=\read5
LaTeX Info: Redefining \microtypecontext on input line 108.
Package microtype Info: Applying patch `item' on input line 108.
Package microtype Info: Applying patch `toc' on input line 108.
Package microtype Info: Applying patch `eqnum' on input line 108.
Package microtype Info: Applying patch `footnote' on input line 108.
Package microtype Info: Applying patch `verbatim' on input line 108.
LaTeX Info: Redefining \microtypesetup on input line 108.
Package microtype Info: Generating PDF output.
Package microtype Info: Character protrusion enabled (level 2).
Package microtype Info: Using default protrusion set `alltext'.
Package microtype Info: Automatic font expansion enabled (level 2),
(microtype)             stretch: 20, shrink: 20, step: 1, non-selected.
Package microtype Info: Using default expansion set `alltext-nott'.
Package microtype Info: Patching command `\showhyphens'.
Package microtype Info: No adjustment of tracking.
Package microtype Info: No adjustment of interword spacing.
Package microtype Info: No adjustment of character kerning.
 (C:\Users\neosk\AppData\Local\Programs\MiKTeX\tex/latex/microtype\mt-cmr.cfg
File: mt-cmr.cfg 2013/05/19 v2.2 microtype config. file: Computer Modern Roman (RS)
)
LaTeX Font Info:    Trying to load font information for T1+Montserrat-TOsF on input line 118.
 (C:\Users\neosk\AppData\Local\Programs\MiKTeX\tex/latex/montserrat\t1montserrat-tosf.fd
File: T1Montserrat-TOsF.fd 2019/11/07 (autoinst) Font definitions for T1/Montserrat-TOsF.
)
LaTeX Font Info:    Font shape `T1/Montserrat-TOsF/m/n' aliased to
(Font)              `T1/Montserrat-TOsF/regular/n' on input line 118.
Package microtype Info: Loading generic protrusion settings for font family
(microtype)             `Montserrat-TOsF' (encoding: T1).
(microtype)             For optimal results, create family-specific settings.
(microtype)             See the microtype manual for details.
LaTeX Font Info:    Font shape `T1/Montserrat-TOsF/b/n' aliased to
(Font)              `T1/Montserrat-TOsF/bold/n' on input line 118.
LaTeX Font Info:    Calculating math sizes for size <35> on input line 118.
LaTeX Font Info:    Trying to load font information for U+msa on input line 118.
 (C:\Users\neosk\AppData\Local\Programs\MiKTeX\tex/latex/amsfonts\umsa.fd
File: umsa.fd 2013/01/14 v3.01 AMS symbols A
) (C:\Users\neosk\AppData\Local\Programs\MiKTeX\tex/latex/microtype\mt-msa.cfg
File: mt-msa.cfg 2006/02/04 v1.1 microtype config. file: AMS symbols (a) (RS)
)
LaTeX Font Info:    Trying to load font information for U+msb on input line 118.
 (C:\Users\neosk\AppData\Local\Programs\MiKTeX\tex/latex/amsfonts\umsb.fd
File: umsb.fd 2013/01/14 v3.01 AMS symbols B
) (C:\Users\neosk\AppData\Local\Programs\MiKTeX\tex/latex/microtype\mt-msb.cfg
File: mt-msb.cfg 2005/06/01 v1.0 microtype config. file: AMS symbols (b) (RS)
)
LaTeX Font Info:    Font shape `T1/Montserrat-TOsF/b/n' aliased to
(Font)              `T1/Montserrat-TOsF/bold/n' on input line 118.
LaTeX Font Info:    Font shape `T1/Montserrat-TOsF/b/sc' aliased to
(Font)              `T1/Montserrat-TOsF/bold/sc' on input line 118.
<cover.png, id=306, 511.146pt x 511.365pt>
File: cover.png Graphic file (type png)
<use cover.png>
Package pdftex.def Info: cover.png  used on input line 120.
(pdftex.def)             Requested size: 250.0pt x 250.10287pt.
LaTeX Font Info:    Font shape `T1/Montserrat-TOsF/m/n' aliased to
(Font)              `T1/Montserrat-TOsF/regular/n' on input line 122.
LaTeX Font Info:    Font shape `T1/Montserrat-TOsF/m/n' aliased to
(Font)              `T1/Montserrat-TOsF/regular/n' on input line 124.
LaTeX Font Info:    Font shape `T1/Montserrat-TOsF/m/it' aliased to
(Font)              `T1/Montserrat-TOsF/regular/it' on input line 124.
 [1

{C:/Users/neosk/AppData/Local/MiKTeX/fonts/map/pdftex/pdftex.map}{C:/Users/neosk/AppData/Local/Programs/MiKTeX/fonts/enc/dvips/montserrat/zmo_b4nxop.enc}{C:/Users/neosk/AppData/Local/Programs/MiKTeX/fonts/enc/dvips/montserrat/zmo_qex2f4.enc} <./cover.png>] [2


] [1


{C:/Users/neosk/AppData/Local/Programs/MiKTeX/fonts/enc/dvips/cm-super/cm-super-t1.enc}]
*geometry* verbose mode - [ newgeometry ] result:
* driver: pdftex
* paper: a5paper
* layout: <same size as paper>
* layoutoffset:(h,v)=(0.0pt,0.0pt)
* modes: twoside 
* h-part:(L,W,R)=(170.71652pt, 193.47876pt, 56.9055pt)
* v-part:(T,H,B)=(71.70166pt, 418.25368pt, 107.55254pt)
* \paperwidth=421.10078pt
* \paperheight=597.50787pt
* \textwidth=193.47876pt
* \textheight=418.25368pt
* \oddsidemargin=98.44653pt
* \evensidemargin=-15.36449pt
* \topmargin=-30.63582pt
* \headheight=12.0pt
* \headsep=18.06749pt
* \topskip=10.0pt
* \footskip=25.29494pt
* \marginparwidth=125.0pt
* \marginparsep=7.0pt
* \columnsep=10.0pt
* \skip\footins=9.0pt plus 4.0pt minus 2.0pt
* \hoffset=0.0pt
* \voffset=0.0pt
* \mag=1000
* \@twocolumnfalse
* \@twosidetrue
* \@mparswitchtrue
* \@reversemarginfalse
* (1in=72.27pt=25.4mm, 1cm=28.453pt)

Package microtype Info: Loading generic protrusion settings for font family
(microtype)             `cmss' (encoding: T1).
(microtype)             For optimal results, create family-specific settings.
(microtype)             See the microtype manual for details.
LaTeX Font Info:    Font shape `T1/Montserrat-TOsF/m/n' aliased to
(Font)              `T1/Montserrat-TOsF/regular/n' on input line 156.
 [2

{C:/Users/neosk/AppData/Local/Programs/MiKTeX/fonts/enc/dvips/cm-super/cm-super-ts1.enc}] [3


]
\tf@toc=\write6
\openout6 = `main.toc'.

 [4


] [5] [6] [7] [8

]
Chapter 1.

pdfTeX warning (ext4): destination with the same identifier (name{page.1}) has been already used, duplicate ignored
<to be read again> 
                   \relax 
l.207 E
       ngines are supported by binaries, additional programs which expand th... [1

]

pdfTeX warning: pdflatex (file ./overleaf-logo-primary.pdf): PDF inclusion: found PDF version <1.6>, but at most version <1.5> allowed
<overleaf-logo-primary.pdf, id=461, 1063.975pt x 439.6425pt>
File: overleaf-logo-primary.pdf Graphic file (type pdf)
<use overleaf-logo-primary.pdf>
Package pdftex.def Info: overleaf-logo-primary.pdf  used on input line 215.
(pdftex.def)             Requested size: 190.63354pt x 78.76997pt.
<overleaf-editor.png, id=463, 1410.77063pt x 743.77875pt>
File: overleaf-editor.png Graphic file (type png)
<use overleaf-editor.png>
Package pdftex.def Info: overleaf-editor.png  used on input line 224.
(pdftex.def)             Requested size: 285.95032pt x 150.75055pt.
Package microtype Info: Loading generic protrusion settings for font family
(microtype)             `cmtt' (encoding: T1).
(microtype)             For optimal results, create family-specific settings.
(microtype)             See the microtype manual for details.
<download.png, id=466, 24.09pt x 24.09pt>
File: download.png Graphic file (type png)
<use download.png>
Package pdftex.def Info: download.png  used on input line 235.
(pdftex.def)             Requested size: 9.99751pt x 9.99756pt.

pdfTeX warning (ext4): destination with the same identifier (name{page.2}) has been already used, duplicate ignored
<to be read again> 
                   \relax 
l.236 
       [2 <./overleaf-logo-primary.pdf>]
<description.png, id=490, 24.09pt x 24.09pt>
File: description.png Graphic file (type png)
<use description.png>
Package pdftex.def Info: description.png  used on input line 237.
(pdftex.def)             Requested size: 9.99751pt x 9.99756pt.

Underfull \vbox (badness 10000) has occurred while \output is active []


Underfull \vbox (badness 10000) has occurred while \output is active []

 [3 <./overleaf-editor.png> <./download.png> <./description.png>]
\pydata@fh@0=\write7
\openout7 = `_FAD58DE7366495DB4650CFEFAC2FCD61.data.minted'.

runsystem(latexminted config  --timestamp 20260911174135 FAD58DE7366495DB4650CFEFAC2FCD61)...executed.

 (_FAD58DE7366495DB4650CFEFAC2FCD61.config.minted)
runsystem(latexminted cleanconfig  --timestamp 20260911174135 FAD58DE7366495DB4650CFEFAC2FCD61)...executed.

 (_minted/default.style.minted) (_minted/2E12E8CA30B061791714B538A4A215EF.highlight.minted
LaTeX Font Info:    Trying to load font information for T1+lmtt on input line 1.
 (C:\Users\neosk\AppData\Local\Programs\MiKTeX\tex/latex/lm\t1lmtt.fd
File: t1lmtt.fd 2015/05/01 v1.6.1 Font defs for Latin Modern
)
Package microtype Info: Loading generic protrusion settings for font family
(microtype)             `lmtt' (encoding: T1).
(microtype)             For optimal results, create family-specific settings.
(microtype)             See the microtype manual for details.
) [4{C:/Users/neosk/AppData/Local/Programs/MiKTeX/fonts/enc/dvips/lm/lm-ec.enc}]
Chapter 2.
(_minted/39C690C6D27559DBCB58971279671A37.highlight.minted) (_minted/F253C6DECB0F4E42CDE191DCEAA88E68.highlight.minted) (_minted/412CA2B80D5FCBDAE5E2279641B72FC5.highlight.minted) (_minted/D21D86BA0D7EC7503C1012E1F3369680.highlight.minted [5

]
LaTeX Font Info:    Trying to load font information for TS1+lmtt on input line 3.
 (C:\Users\neosk\AppData\Local\Programs\MiKTeX\tex/latex/lm\ts1lmtt.fd
File: ts1lmtt.fd 2015/05/01 v1.6.1 Font defs for Latin Modern
)
Package microtype Info: Loading generic protrusion settings for font family
(microtype)             `lmtt' (encoding: TS1).
(microtype)             For optimal results, create family-specific settings.
(microtype)             See the microtype manual for details.
Package microtype Info: Character `texttrademark ' is missing
(microtype)             in font `TS1/lmtt/m/n/10'.
(microtype)             Ignoring protrusion settings for this character.
) (_minted/FE32FD816C203B6F46760B26911B50BB.highlight.minted) (_minted/94B9711D9AEB4C4476ED1FEE8FF0843A.highlight.minted) (_minted/6EC5A2469F9BC42B25FE19DBAAB160F4.highlight.minted) (_minted/F76DBD616B5F9862CA18A21066EA8B65.highlight.minted) (_minted/581878D7E1BA3EA1DF4B3A4794571CAA.highlight.minted) (_minted/DAB81C3D43BDA816A8E840A9130E346B.highlight.minted) (_minted/60496582853AA80006BDCEF9A42264AE.highlight.minted) (_minted/86D480B817BE78259BCFA37B6B8280DE.highlight.minted) [6{C:/Users/neosk/AppData/Local/Programs/MiKTeX/fonts/enc/dvips/lm/lm-ts1.enc}] (_minted/ADC0D7FA73B272F1050F50A6AAFDA6A2.highlight.minted) (_minted/6DFAA6DBF86104CED6A1BFE43462DA53.highlight.minted) (_minted/C845285E72DED3A011DC66D5CF2AF449.highlight.minted) (_minted/59239242B986D03BF0CD2694C0E646F0.highlight.minted) (_minted/28BB9244201570AC2147A49F681EE655.highlight.minted) (_minted/56539335D947A45C5C39466EC178116F.highlight.minted) (_minted/2DEB9CF0E4EE6E9182EEF3C043246956.highlight.minted) (_minted/EF07E4C4B657912B6E948B898D827C27.highlight.minted) (_minted/6A4FC98FD70E52C00658AB86A069FDC7.highlight.minted) [7] (_minted/1FEF4B3631F349F26E7CFABDD87D3E6D.highlight.minted) (_minted/FE7D9846B4BCE5C63B2142BE96A113AE.highlight.minted) (_minted/304812E0C6039D831A8A48105BC81235.highlight.minted)
Package mdframed Info: mdframed works in twoside mode on input line 381.
Package mdframed Info: mdframed inside float 
 mdframed uses option nobreak mdframed on input line 393.
Package mdframed Info: mdframed inside a box 
 mdframed uses option nobreak mdframed on input line 393.
 (_minted/983AB850E58DD0BAD5E29E6B621BA628.highlight.minted) (_minted/C4C1593DB5B75BF9529933066EE04222.highlight.minted) [8] (_minted/851ABF460FF13798DBAED7ECC0E86FD9.highlight.minted) (_minted/C3F4FEA3CF87BE3760942812F4600819.highlight.minted) (_minted/F5B9B131DFED3EBF5A0AFD3CFD04843D.highlight.minted) (_minted/0C7796BAC06C726914AE9CDF77B1E3FE.highlight.minted) (_minted/8DEEB66ADEA3A2AF67C9EEE12DE208DB.highlight.minted) (_minted/6A3E381E950CFDD87C6462D33D2446B5.highlight.minted) (_minted/2E1D594734188BE6A92C7D4769BD6795.highlight.minted) (_minted/220B3A27EACE2ED73166201AB1272449.highlight.minted) (_minted/94B9711D9AEB4C4476ED1FEE8FF0843A.highlight.minted) (_minted/544D46337641B3954CDCF4928C0C6F36.highlight.minted) (_minted/1639B87E56CEA44A4D16CCB61888E45B.highlight.minted) (_minted/60AC8875FE3A52BB39867B01390B5D2E.highlight.minted [9])
Package mdframed Info: mdframed works in twoside mode on input line 438.
<figure.pdf, id=545, 433.62pt x 289.08pt>
File: figure.pdf Graphic file (type pdf)
<use figure.pdf>
Package pdftex.def Info: figure.pdf  used on input line 439.
(pdftex.def)             Requested size: 270.35033pt x 180.24226pt.
Package mdframed Info: mdframed inside float 
 mdframed uses option nobreak mdframed on input line 442.
Package mdframed Info: mdframed inside a box 
 mdframed uses option nobreak mdframed on input line 442.
 (_minted/DC0D0C480B8398FCBC80B032F53194B7.highlight.minted) (_minted/68968E404C3F72B31AF8DEB780835FA6.highlight.minted) (_minted/68968E404C3F72B31AF8DEB780835FA6.highlight.minted) (_minted/B59DED5C14553151A6F33EE0A144542B.highlight.minted) [10 <./figure.pdf>] (_minted/F5B9B131DFED3EBF5A0AFD3CFD04843D.highlight.minted) (_minted/F2EF3A803F21A6221A54D6E31171F8C3.highlight.minted) (_minted/F849F7A2456220360C61A7C5A295AC68.highlight.minted) (_minted/D7E57104A433A57990195160EFF399AF.highlight.minted) (_minted/0F83D11A2ED5F6151C54B379823185C2.highlight.minted) [11] (_minted/8BFDB5A787AA7CE7432C099A63BC758B.highlight.minted) (_minted/CB4DBB81A1DA0EBCED3173A9B97EAE39.highlight.minted) (_minted/03C09661033B34D55CD5CE1F47D84400.highlight.minted) (_minted/24BF02714B26C0139893CA00A1C731AF.highlight.minted)
Package mdframed Info: mdframed works in twoside mode on input line 525.
 [12]
Package mdframed Info: Not enough space on this page on input line 530.
 (_minted/049B640C9630825FD2C96D6C337DC945.highlight.minted) (_minted/04256674740397EA67732ABEC61D25A1.highlight.minted) (_minted/0750F16DEB5DD23CB787C8E34F985AD4.highlight.minted)
Package mdframed Info: mdframed works in twoside mode on input line 544.
 (_minted/6D183C455009F5994BFF2F1121007C47.highlight.minted) (_minted/818C8291244721CD69D3C716FC3699EA.highlight.minted) (_minted/83DFE9ED3DAF9209EC2B8E74E7225103.highlight.minted) (_minted/20AE5C845DA79FD7C08C83D247CEFA5D.highlight.minted)
Package mdframed Info: mdframed works in twoside mode on input line 566.
Package mdframed Info: Not enough space on this page on input line 573.
 [13]
Package mdframed Info: Not enough space on this page on input line 573.
 (_minted/92C065D8BA95E0B834761E8BD26026C0.highlight.minted) (_minted/0F5C522B35D18CBCB17AB3188B20BC5A.highlight.minted) (_minted/38848769F8C3D9D23D2BDFBC6AD877FB.highlight.minted) (_minted/930216407CBCF33FC077589EE4F21BE6.highlight.minted) (_minted/1BF8671DE5559BF13280AFB8699C5499.highlight.minted) (_minted/8A9121FEE9C9B01913008DDD30B00A3C.highlight.minted)
Package mdframed Info: mdframed works in twoside mode on input line 592.
 (_minted/D3A98A062417DD23390A1B7515F871A4.highlight.minted) (_minted/38848769F8C3D9D23D2BDFBC6AD877FB.highlight.minted) (_minted/45BE596D3AEAB006E38246E3D022E1AE.highlight.minted) [14] (_minted/B85AC9092F860203AA44A88CFCEF04AA.highlight.minted) (_minted/2CFD7E798189E17576BE9109464AA774.highlight.minted)
Package mdframed Info: mdframed works in twoside mode on input line 613.
 (_minted/958CE4507FB1C498F33D324B5054CA4C.highlight.minted)
Package mdframed Info: mdframed works in twoside mode on input line 625.
 (_minted/038CAF2BE22F37FB0C1689B2347E03D2.highlight.minted) (_minted/833FC8F31D57AB471E8833B61C561144.highlight.minted)
Package mdframed Info: mdframed works in twoside mode on input line 641.
 (_minted/5B4B264A9D158D44A6FD4F67DC81B5C1.highlight.minted) (_minted/FCD1F37C0E3E84B23AA27CAAFF472EDD.highlight.minted) (_minted/155445EF711EE1E3DD965C93CCEABBB9.highlight.minted) (_minted/1F07ECB91FD583237B0D923988A0026B.highlight.minted) (_minted/809D68B26F3C9C86E65C9EEF71C20835.highlight.minted [15])
Package mdframed Info: mdframed works in twoside mode on input line 663.
 (_minted/9EF646009869E5BEFDA458E1C5DF8A72.highlight.minted)
Package mdframed Info: mdframed works in twoside mode on input line 676.
 (_minted/3C63B58C7B47C72249918AF9A5FEBAA2.highlight.minted) [16
pdfTeX warning (ext4): destination with the same identifier (name{equation.2.3}) has been already used, duplicate ignored
<argument> ...shipout:D \box_use:N \l_shipout_box 
                                                  \__shipout_drop_firstpage_...
l.694 
      ] (_minted/FDD6F5CC849545B09727376B1D2FFDB1.highlight.minted) (_minted/E37B54A925C3D99AD98371D464499DAD.highlight.minted) (_minted/06332CC855497C6546DBFB21F9D22E4C.highlight.minted) (_minted/898E8D756F5DE57FBF2C70F5E4432B94.highlight.minted)
Underfull \hbox (badness 1281) in paragraph at lines 701--702
\T1/cmr/m/n/10 (+20) li-og-ra-phy. For ex-am-ple, if you have a bib-li-og-ra-phy with 12 ref-er-ences, use
 []

(_minted/F8CCA88A5840B3790F5DEBCBDB864611.highlight.minted) (_minted/150F175F6A9A241706DB992CF6F57BA8.highlight.minted) (_minted/8F29F479F82BBA182FB84F544503AEF2.highlight.minted)
Package mdframed Info: mdframed works in twoside mode on input line 715.
 (_minted/43C732203B89C2C74B1723BD9F944F51.highlight.minted) [17] (_minted/7026155A2CD1142E361D81B99AFA5423.highlight.minted) (_minted/CE572C98DB43572132336C6219535AC8.highlight.minted) (_minted/68968E404C3F72B31AF8DEB780835FA6.highlight.minted) (_minted/7F33018EC63F23D380A2100B11A70CD7.highlight.minted) (_minted/A10FB470BD95BB4DFA4334F2CA8C15D4.highlight.minted) (_minted/4BA0CE6518AB005F52D1632DC5FF67AB.highlight.minted) (_minted/52F1B9C385332D4A60CC00EBEF63E987.highlight.minted [18]) (_minted/D2AFB5EF7316B7F5FF2E65E326DB87DC.highlight.minted) (_minted/148D44ADCA1396EC62B95219BA4A1C0A.highlight.minted) (_minted/DC1C9AA670ACF3AFF1DC93E6A3519460.highlight.minted) (_minted/359A0359C68A7892CB12CDC4943631D2.highlight.minted) (_minted/33E73C01D588A18DDD85F7A1BD065276.highlight.minted) (_minted/D3A98A062417DD23390A1B7515F871A4.highlight.minted) (_minted/5C0C7ACDB02E90B11410AE170CEA48B3.highlight.minted) (_minted/7129D5CF474CF2441F9374406030C541.highlight.minted)
Package mdframed Info: mdframed works in twoside mode on input line 781.

pdfTeX warning (ext4): destination with the same identifier (name{equation.2.3}) has been already used, duplicate ignored
<to be read again> 
                   \relax 
l.785   \end{align}
                    (_minted/D2AFB5EF7316B7F5FF2E65E326DB87DC.highlight.minted) (_minted/41F6F4A15707A3F832D4D584926BAFE3.highlight.minted) (_minted/220B3A27EACE2ED73166201AB1272449.highlight.minted) (_minted/ABC71DC55F15E659F1BA8C88A3CAB267.highlight.minted) [19]
Package mdframed Info: mdframed works in twoside mode on input line 798.
Package mdframed Info: Not enough space on this page on input line 804.
 (_minted/DC1C9AA670ACF3AFF1DC93E6A3519460.highlight.minted) (_minted/148D44ADCA1396EC62B95219BA4A1C0A.highlight.minted) (_minted/D2AFB5EF7316B7F5FF2E65E326DB87DC.highlight.minted) (_minted/1EDD6BE0CB2CFA8C97E4C5BD6AFB5375.highlight.minted)
Package mdframed Info: mdframed works in twoside mode on input line 824.
 (_minted/359A0359C68A7892CB12CDC4943631D2.highlight.minted) (_minted/33E73C01D588A18DDD85F7A1BD065276.highlight.minted) (_minted/7A163BB31FF45CB81429C60A33ADBEB2.highlight.minted) (_minted/930216407CBCF33FC077589EE4F21BE6.highlight.minted) [20] (_minted/9AEFF3E747FAE181A3B5C1A2FF6F1B6E.highlight.minted) (_minted/2210E0C798E4FACF4FC5744F84C9EA51.highlight.minted) (_minted/DED8101F7AEB21A3698ECBD97512619E.highlight.minted) (_minted/1F7C668F9C719D37D951F00DD332F7E1.highlight.minted [21])
Package mdframed Info: mdframed works in twoside mode on input line 894.
 [22] (_minted/83DFE9ED3DAF9209EC2B8E74E7225103.highlight.minted) (_minted/9D448A736ED0692A91AA59E2214184BC.highlight.minted) (_minted/1D97644D8A739E58DBF240C0DFEF1F1B.highlight.minted) (_minted/2A3F83C8A704CC8FA859C6386CB0B525.highlight.minted) (_minted/7797FE54581B42BA25820358DB43FBED.highlight.minted) (_minted/D70A00351C9527DBC02E61A7FCC5AB82.highlight.minted) (_minted/F9537C53901D1D037F2466EFDE8972C7.highlight.minted) (_minted/CC4F61B334F1D7DD6C36DA297E008726.highlight.minted) (_minted/F0527BD040F9027B3E0944887C79AC96.highlight.minted) (_minted/2B9C1F4ED46AF358CD88CE3B357F327C.highlight.minted) (_minted/2F0CA078FA99D2FCFC54B89C55FD5470.highlight.minted) (_minted/56F5B2D0F604B760C18E6991C2169E74.highlight.minted) (_minted/19E1300AEF8C078839BAD39A3EA24DB7.highlight.minted) (_minted/11CCE79C9DC83B86CD1710E01C622F94.highlight.minted [23])
Package mdframed Info: mdframed works in twoside mode on input line 951.
 (_minted/39E4BC34922B0DA5D80189B6364679AE.highlight.minted)
Package mdframed Info: mdframed works in twoside mode on input line 964.
 (_minted/42F317A0E8FECC52198D4FEAE66FD78D.highlight.minted) (_minted/1570EFBE5F79AF47774E48384195D098.highlight.minted) (_minted/0F83D11A2ED5F6151C54B379823185C2.highlight.minted) (_minted/4267A5E26991BB6D78CD95C01DB72A63.highlight.minted) (_minted/2A5293520A6CE142D6EC4F06B18BE88B.highlight.minted [24]) (_minted/1A824C0178F4EFC56F119C48D9906A90.highlight.minted) (_minted/0442010B646337B514189A5FCBCDDAD9.highlight.minted) (_minted/59DC5C796F2E9A7283FC4DB21FC6432E.highlight.minted [25]) (_minted/E1876C7297DC921DEF142E1C2D0925F5.highlight.minted)
Package mdframed Info: mdframed works in twoside mode on input line 1041.
 (_minted/E746FD891B9DC15ACE58B20E3CA72A61.highlight.minted) (_minted/150F175F6A9A241706DB992CF6F57BA8.highlight.minted) (_minted/B5584360D7E2BEF3B8621FAD995164F8.highlight.minted) (_minted/0208D0F8BD729D5C8D535827F42D1BA5.highlight.minted) (_minted/A5CB2AFE76802CAA7A6FCA4BD2C243FE.highlight.minted) [26] (_minted/26EC8C486F388E4C6C903439612062A2.highlight.minted) (_minted/FDFD709EDED6337C3718863E6F588606.highlight.minted) (_minted/150F175F6A9A241706DB992CF6F57BA8.highlight.minted) (_minted/80BAA0F98030012ED38D29A54CFDD71E.highlight.minted)
Package mdframed Info: mdframed works in twoside mode on input line 1071.

pdfTeX warning (ext4): destination with the same identifier (name{cite.hutley_1982}) has been already used, duplicate ignored
<to be read again> 
                   \relax 
l.1076     \bibitem{hutley_1982}
                                 M C Hutley. \textit{Diffraction Gratings}. ...
Underfull \hbox (badness 1603) in paragraph at lines 1078--1079
\T1/cmtt/m/n/10 nist . gov / PhysRefData / Handbook / Tables / %20kryptontable1 . htm$[][] \T1/cmr/m/n/10 (+20) (vis-ited
 []

(_minted/D5AFA6351DDE19531860847C22DF5470.highlight.minted
Underfull \vbox (badness 2376) has occurred while \output is active []


Underfull \vbox (badness 2376) has occurred while \output is active []

 [27]) (_minted/150F175F6A9A241706DB992CF6F57BA8.highlight.minted) (_minted/E0ED68C2A503C93736012A3D273A74B4.highlight.minted
Underfull \vbox (badness 2573) has occurred while \output is active []


Underfull \vbox (badness 2573) has occurred while \output is active []

 [28])
Underfull \hbox (badness 10000) in paragraph at lines 1139--1140
[]
 []


Underfull \hbox (badness 10000) in paragraph at lines 1139--1140

 []


Underfull \hbox (badness 10000) in paragraph at lines 1141--1142
[]
 []


Underfull \hbox (badness 10000) in paragraph at lines 1141--1142

 []

[29] [30

]
Chapter 3.


pdfTeX warning: pdflatex (file ./pres-comp.pdf): PDF inclusion: found PDF version <1.7>, but at most version <1.5> allowed
<pres-comp.pdf, id=731, page=1, 963.6pt x 542.025pt>
File: pres-comp.pdf Graphic file (type pdf)
<use pres-comp.pdf, page 1>
Package pdftex.def Info: pres-comp.pdf , page1 used on input line 1159.
(pdftex.def)             Requested size: 190.63354pt x 107.22864pt.


pdfTeX warning: pdflatex (file ./pres-comp.pdf): PDF inclusion: found PDF version <1.7>, but at most version <1.5> allowed
<pres-comp.pdf, id=732, page=3, 364.19562pt x 273.14648pt>
File: pres-comp.pdf Graphic file (type pdf)
<use pres-comp.pdf, page 3>
Package pdftex.def Info: pres-comp.pdf , page3 used on input line 1161.
(pdftex.def)             Requested size: 171.56903pt x 128.67894pt.
[31] (_minted/943B8CEA424855C3B8FC1E190F6542C9.highlight.minted) (_minted/11AA34D7BA9665796FE0401EE5716AE1.highlight.minted) (_minted/1333A0A0C067D3CAE386796415A57750.highlight.minted) (_minted/1777B089A6F5615A1DB666A23081354F.highlight.minted) (_minted/9CE7F9939C5791574E25D0EF8F600612.highlight.minted) (_minted/60C7090F1961E6EF6A98A024AE17AEC9.highlight.minted [32 <./pres-comp.pdf> <./pres-comp.pdf>]) (_minted/6796BE03BD4C69553411F6D4B3FF5502.highlight.minted) (_minted/6E95C9A2A85DF28FE4A3A502298616D9.highlight.minted) (_minted/F7EEC1EE9DE489F566D912EA166ABE99.highlight.minted) (_minted/800D6376B890E9B7E5836370F607AA7C.highlight.minted) (_minted/8D9A29E68ACF70F7905C9516360D3E0D.highlight.minted) (_minted/5D3DAD28F5B6E4C4D9EC72BD46F88158.highlight.minted) (_minted/11A8823B4BD3D985BFE644F2F76FE1B8.highlight.minted [33])
<pres-ex.pdf, id=878, page=1, 364.19562pt x 273.14648pt>
File: pres-ex.pdf Graphic file (type pdf)
<use pres-ex.pdf, page 1>
Package pdftex.def Info: pres-ex.pdf , page1 used on input line 1253.
(pdftex.def)             Requested size: 181.10419pt x 135.82684pt.
<pres-ex.pdf, id=879, page=2, 364.19562pt x 273.14648pt>
File: pres-ex.pdf Graphic file (type pdf)
<use pres-ex.pdf, page 2>
Package pdftex.def Info: pres-ex.pdf , page2 used on input line 1255.
(pdftex.def)             Requested size: 181.10419pt x 135.82684pt.
 [34 <./pres-ex.pdf> <./pres-ex.pdf>] (_minted/CA3782600E088722FA33E7E9454E1EFB.highlight.minted)

pdfTeX warning: pdflatex (file ./pres-themes.pdf): PDF inclusion: found PDF version <1.7>, but at most version <1.5> allowed
<pres-themes.pdf, id=898, page=1, 364.19562pt x 273.14648pt>
File: pres-themes.pdf Graphic file (type pdf)
<use pres-themes.pdf, page 1>
Package pdftex.def Info: pres-themes.pdf , page1 used on input line 1276.
(pdftex.def)             Requested size: 181.10419pt x 135.82684pt.


pdfTeX warning: pdflatex (file ./pres-themes.pdf): PDF inclusion: found PDF version <1.7>, but at most version <1.5> allowed
<pres-themes.pdf, id=899, page=2, 364.19562pt x 273.14648pt>
File: pres-themes.pdf Graphic file (type pdf)
<use pres-themes.pdf, page 2>
Package pdftex.def Info: pres-themes.pdf , page2 used on input line 1278.
(pdftex.def)             Requested size: 181.10419pt x 135.82684pt.
(_minted/93CA860A538E2D682F40A456D558601E.highlight.minted)

pdfTeX warning: pdflatex (file ./pres-themes.pdf): PDF inclusion: found PDF version <1.7>, but at most version <1.5> allowed
<pres-themes.pdf, id=900, page=5, 364.19562pt x 273.14648pt>
File: pres-themes.pdf Graphic file (type pdf)
<use pres-themes.pdf, page 5>
Package pdftex.def Info: pres-themes.pdf , page5 used on input line 1286.
(pdftex.def)             Requested size: 181.10419pt x 135.82684pt.


pdfTeX warning: pdflatex (file ./pres-themes.pdf): PDF inclusion: found PDF version <1.7>, but at most version <1.5> allowed
<pres-themes.pdf, id=901, page=6, 364.19562pt x 273.14648pt>
File: pres-themes.pdf Graphic file (type pdf)
<use pres-themes.pdf, page 6>
Package pdftex.def Info: pres-themes.pdf , page6 used on input line 1288.
(pdftex.def)             Requested size: 181.10419pt x 135.82684pt.
[35 <./pres-themes.pdf> <./pres-themes.pdf> <./pres-themes.pdf> <./pres-themes.pdf>]

pdfTeX warning: pdflatex (file ./pres-themes.pdf): PDF inclusion: found PDF version <1.7>, but at most version <1.5> allowed
<pres-themes.pdf, id=948, page=3, 364.19562pt x 273.14648pt>
File: pres-themes.pdf Graphic file (type pdf)
<use pres-themes.pdf, page 3>
Package pdftex.def Info: pres-themes.pdf , page3 used on input line 1298.
(pdftex.def)             Requested size: 181.10419pt x 135.82684pt.


pdfTeX warning: pdflatex (file ./pres-themes.pdf): PDF inclusion: found PDF version <1.7>, but at most version <1.5> allowed
<pres-themes.pdf, id=949, page=4, 364.19562pt x 273.14648pt>
File: pres-themes.pdf Graphic file (type pdf)
<use pres-themes.pdf, page 4>
Package pdftex.def Info: pres-themes.pdf , page4 used on input line 1300.
(pdftex.def)             Requested size: 181.10419pt x 135.82684pt.
(_minted/66AB8E6198F21C4CE1E7C8E96A18A241.highlight.minted)

pdfTeX warning: pdflatex (file ./pres-themes.pdf): PDF inclusion: found PDF version <1.7>, but at most version <1.5> allowed
<pres-themes.pdf, id=950, page=7, 364.19562pt x 273.14648pt>
File: pres-themes.pdf Graphic file (type pdf)
<use pres-themes.pdf, page 7>
Package pdftex.def Info: pres-themes.pdf , page7 used on input line 1308.
(pdftex.def)             Requested size: 181.10419pt x 135.82684pt.


pdfTeX warning: pdflatex (file ./pres-themes.pdf): PDF inclusion: found PDF version <1.7>, but at most version <1.5> allowed
<pres-themes.pdf, id=951, page=8, 364.19562pt x 273.14648pt>
File: pres-themes.pdf Graphic file (type pdf)
<use pres-themes.pdf, page 8>
Package pdftex.def Info: pres-themes.pdf , page8 used on input line 1310.
(pdftex.def)             Requested size: 181.10419pt x 135.82684pt.
[36 <./pres-themes.pdf> <./pres-themes.pdf> <./pres-themes.pdf> <./pres-themes.pdf>] (_minted/8B29C97992EEB81BECC6AD0CE845B417.highlight.minted) (_minted/794465A60805F4A011A3F076B3FE4D65.highlight.minted)
<pres-notes.pdf, id=1014, page=1, 364.19562pt x 273.14648pt>
File: pres-notes.pdf Graphic file (type pdf)
<use pres-notes.pdf, page 1>
Package pdftex.def Info: pres-notes.pdf , page1 used on input line 1337.
(pdftex.def)             Requested size: 181.10419pt x 135.82684pt.
<pres-notes.pdf, id=1015, page=2, 364.19562pt x 273.14648pt>
File: pres-notes.pdf Graphic file (type pdf)
<use pres-notes.pdf, page 2>
Package pdftex.def Info: pres-notes.pdf , page2 used on input line 1339.
(pdftex.def)             Requested size: 181.10419pt x 135.82684pt.
 (_minted/558A6D57A61244765D5B40C5868F6B85.highlight.minted) [37 <./pres-notes.pdf> <./pres-notes.pdf>] (_minted/77B1A1003A9FD23F90A2F88A78B169D7.highlight.minted) (_minted/95DD455370116BF58D7163FD3C8D6A47.highlight.minted)
<pres-notes2.pdf, id=1044, page=1, 728.39026pt x 273.14648pt>
File: pres-notes2.pdf Graphic file (type pdf)
<use pres-notes2.pdf, page 1>
Package pdftex.def Info: pres-notes2.pdf , page1 used on input line 1368.
(pdftex.def)             Requested size: 362.20258pt x 135.82684pt.
 [38 <./pres-notes2.pdf>] (_minted/78DE95CFA48CDDEAB9F86B6A5567DB39.highlight.minted)
Package mdframed Info: mdframed works in twoside mode on input line 1398.
 (_minted/2E21F1AB0E8816D59CACCF764F4F85A3.highlight.minted) (_minted/D46CAA06DB36E96F440713263BA7B17A.highlight.minted) (_minted/863DEFB40D3013437EB2903424F820A1.highlight.minted) (_minted/74FC642B13C0CBBC96FEEFA6145575E0.highlight.minted [39])
Package mdframed Info: mdframed works in twoside mode on input line 1427.
 (_minted/EE93FA1F14E2FBC0D9277B3CB3535689.highlight.minted) (_minted/19250A17DF3BC36957707E449F02B971.highlight.minted)
Package mdframed Info: mdframed works in twoside mode on input line 1457.
Package microtype Info: Loading generic protrusion settings for font family
(microtype)             `cmss' (encoding: OT1).
(microtype)             For optimal results, create family-specific settings.
(microtype)             See the microtype manual for details.
 [40]
Package mdframed Info: Not enough space on this page on input line 1469.
 (_minted/EE93FA1F14E2FBC0D9277B3CB3535689.highlight.minted) (_minted/643C61E652AFEDF9AFBCCD38D76A1741.highlight.minted) (_minted/0CECFC36E45F2A1368304B1EB935DA78.highlight.minted) (_minted/780A230938210A287AB438F52F330C79.highlight.minted) (_minted/91022ADC2E930C1891309B0B4CEEDFDF.highlight.minted) (_minted/7CBAAF88D46FB8B534970297921F9920.highlight.minted) (_minted/09A3DF246BB6BEA180553054D2651FF9.highlight.minted) (_minted/6C07614247BAA312E5CA8FAA2A5FBA0C.highlight.minted) (_minted/DCC5A546671F70AC891C1B2327C2438C.highlight.minted) (_minted/0CECFC36E45F2A1368304B1EB935DA78.highlight.minted) (_minted/643C61E652AFEDF9AFBCCD38D76A1741.highlight.minted) (_minted/0CECFC36E45F2A1368304B1EB935DA78.highlight.minted) (_minted/EE93FA1F14E2FBC0D9277B3CB3535689.highlight.minted) (_minted/62950B797F87A1EF4A4A3BA2532A7C64.highlight.minted [41])
Package mdframed Info: mdframed works in twoside mode on input line 1499.

pdfTeX warning (ext4): destination with the same identifier (name{equation.3.3}) has been already used, duplicate ignored
<to be read again> 
                   \relax 
l.1500   \begin{equation}
                         \label{eq:mass-spring}
pdfTeX warning (ext4): destination with the same identifier (name{equation.3.3}) has been already used, duplicate ignored
<to be read again> 
                   \relax 
l.1500   \begin{equation}
                         \label{eq:mass-spring}
pdfTeX warning (ext4): destination with the same identifier (name{equation.3.3}) has been already used, duplicate ignored
<to be read again> 
                   \relax 
l.1500   \begin{equation}
                         \label{eq:mass-spring}
pdfTeX warning (ext4): destination with the same identifier (name{equation.3.3}) has been already used, duplicate ignored
<to be read again> 
                   \relax 
l.1500   \begin{equation}
                         \label{eq:mass-spring} (_minted/6739B6C42C007CE120D2AD656FA366E9.highlight.minted) (_minted/2EF84555E20B5CCF2AF668016C7E22B9.highlight.minted) (_minted/EEBA9B0756695FEF554698A9C9F9578C.highlight.minted)
Package mdframed Info: mdframed works in twoside mode on input line 1518.
 [42] (_minted/F5C7DFC4B80D71053BDA6E92F448FECB.highlight.minted) (_minted/118D001D05A73A62AF5E6D2DA5534321.highlight.minted) (_minted/29EE9761EF49635C65FCCC5FC55A7DBA.highlight.minted) (_minted/3D1D004F59F63D00DE6D9E52F33A0CC6.highlight.minted) (_minted/1A75267A1E3D07DA45D88565E8DBE1EC.highlight.minted) (_minted/C4AA2B2B727419E0D25672D878B1062B.highlight.minted) (_minted/54EBBDAC99013ADF0C66F364D47D8C06.highlight.minted) (_minted/9F93910689953EE49B41AADA3E5BDDED.highlight.minted) (_minted/C6C95A95075709A25EAD9100D6758436.highlight.minted) (_minted/4F42C21810DD41CD17AE32B5ECEB0BD8.highlight.minted [43])
Package mdframed Info: mdframed works in twoside mode on input line 1568.
<example-image-a.pdf, id=1105, 321.2pt x 240.9pt>
File: example-image-a.pdf Graphic file (type pdf)
<use example-image-a.pdf>
Package pdftex.def Info: example-image-a.pdf  used on input line 1569.
(pdftex.def)             Requested size: 162.20909pt x 121.65904pt.
<example-image-b.pdf, id=1106, 321.2pt x 240.9pt>
File: example-image-b.pdf Graphic file (type pdf)
<use example-image-b.pdf>
Package pdftex.def Info: example-image-b.pdf  used on input line 1570.
(pdftex.def)             Requested size: 162.20909pt x 121.65904pt.
Package mdframed Info: mdframed inside float 
 mdframed uses option nobreak mdframed on input line 1572.
Package mdframed Info: mdframed inside a box 
 mdframed uses option nobreak mdframed on input line 1572.
 (_minted/94B9711D9AEB4C4476ED1FEE8FF0843A.highlight.minted) [44 <C:/Users/neosk/AppData/Local/Programs/MiKTeX/tex/latex/mwe/example-image-a.pdf> <C:/Users/neosk/AppData/Local/Programs/MiKTeX/tex/latex/mwe/example-image-b.pdf>]

pdfTeX warning: pdflatex (file ./py-col.pdf): PDF inclusion: found PDF version <1.7>, but at most version <1.5> allowed
<py-col.pdf, id=1126, 662.475pt x 67.67282pt>
File: py-col.pdf Graphic file (type pdf)
<use py-col.pdf>
Package pdftex.def Info: py-col.pdf  used on input line 1593.
(pdftex.def)             Requested size: 381.2671pt x 38.94667pt.
(_minted/D307780BD0A281CA2486BCDDD7D90E2C.highlight.minted) (_minted/84B3419EDA322DCEDD0C4837865253C0.highlight.minted)
Package mdframed Info: mdframed works in twoside mode on input line 1606.
 (_minted/D307780BD0A281CA2486BCDDD7D90E2C.highlight.minted) (_minted/E9D8E109C028445979BE9C4A95F5EFB3.highlight.minted)
Package mdframed Info: mdframed works in twoside mode on input line 1621.
Package mdframed Info: Not enough space on this page on input line 1625.
 [45 <./py-col.pdf>]
Package mdframed Info: Not enough space on this page on input line 1625.
 (_minted/A0A0A3095017A3D58D3DE35CA678F38D.highlight.minted) (_minted/D307780BD0A281CA2486BCDDD7D90E2C.highlight.minted)
Underfull \hbox (badness 10000) in paragraph at lines 1637--1656

 []

(_minted/641AC2EE05174B317B7CC475408EE1FA.highlight.minted) (_minted/FCFC07CDA77B4AAB8E170E97D1BEBC7A.highlight.minted)
\WL=\count419
 [46] (_minted/7BF8DA89DCD446ADCAFF6A548AE5509A.highlight.minted)
Package mdframed Info: mdframed works in twoside mode on input line 1707.
 (_minted/4A822A3267474B6BC10992A83664801B.highlight.minted) (_minted/B663E2B6EA24A1E1CFD2E8A00B9521D8.highlight.minted) (_minted/4A73AC015AADD4D1E100E00B4DEFE175.highlight.minted) (_minted/1891D5C536B2E15A3AAB413D733B2DB3.highlight.minted)
Package mdframed Info: mdframed works in twoside mode on input line 1720.
 (_minted/F57461CE86E2BA72947484D84248FB47.highlight.minted) (_minted/68F0FA56927440BB38E943EB0EC11B89.highlight.minted)
Package mdframed Info: mdframed works in twoside mode on input line 1736.
 [47
pdfTeX warning (ext4): destination with the same identifier (name{equation.3.9}) has been already used, duplicate ignored
<argument> ...shipout:D \box_use:N \l_shipout_box 
                                                  \__shipout_drop_firstpage_...
l.1742 \end{mdframed}
                     ]
Package mdframed Info: Not enough space on this page on input line 1742.
 (_minted/D5F1DF605ABDAB7F91E8CCDFB2B61373.highlight.minted) (_minted/BBECB51A28484CB2430E205D6F23ECBF.highlight.minted) (_minted/CFA73D4C53DB771E97E67F3F814ABA8C.highlight.minted) (_minted/E728C238C5B70F7903E694971D54D5BF.highlight.minted) (_minted/DBB78BBE57C7E93FED3DCCBCB4032E37.highlight.minted) (_minted/3521EE2673AB9DB41F9AEC8128E6B6C9.highlight.minted) (_minted/3521EE2673AB9DB41F9AEC8128E6B6C9.highlight.minted) (_minted/E63555DAC138DFB75603428C99E407CE.highlight.minted) (_minted/EF2C1FC0BE998293864F63A588C73879.highlight.minted [48
pdfTeX warning (ext4): destination with the same identifier (name{equation.3.10}) has been already used, duplicate ignored
<argument> ...shipout:D \box_use:N \l_shipout_box 
                                                  \__shipout_drop_firstpage_...
l.1 \begin{MintedVerbatim}[commandchars=\\\{\}]
                                               ]) (_minted/B2EEF111139B8688DC218A7762D93C74.highlight.minted) (_minted/62B973F213A2DD8BF7FEF6288E22E814.highlight.minted) (_minted/6671519E718BECDE20C7B68FA48D4AD5.highlight.minted) [49] [50

]
Appendix A.
[51] (_minted/C236F0138A56B7CFB9467A8338DFE06C.highlight.minted) (_minted/20E741294813D047C96BE3029F0CA266.highlight.minted) (_minted/54E765AB800F2CCCF012228770C1DC6F.highlight.minted) (_minted/6F0EBE9308FA6D1462E596AC3195C498.highlight.minted) (_minted/7797FE54581B42BA25820358DB43FBED.highlight.minted) (_minted/D1DABC412EEBA3FCDA62873D6DB85CBD.highlight.minted) (_minted/6D183C455009F5994BFF2F1121007C47.highlight.minted) (_minted/1F07ECB91FD583237B0D923988A0026B.highlight.minted) (_minted/EC5452097D433CDFAC0268C6ED843DBE.highlight.minted) (_minted/9D448A736ED0692A91AA59E2214184BC.highlight.minted) (_minted/FD63F97CE0787C933C213F65C40D0003.highlight.minted) (_minted/5F4207DA7F9A91D2FC61DD35DCF68707.highlight.minted) (_minted/DA453E48BF7F339F939C5BF70BFA4F91.highlight.minted) (_minted/9499A0549DA3E8CAF2CAA44DB8906EB9.highlight.minted) (_minted/7600638B266B88279FF735387929D8F3.highlight.minted) (_minted/A8BCF8E7CFCE1AF1C3820DD77294CE3A.highlight.minted) (_minted/B1198F877062EB5A5B1DF0E6B7107E7D.highlight.minted) (_minted/7C72C4488147B752D988A2A247350F73.highlight.minted) (_minted/D0B985D77EEC663CA0B2D7D0814F1033.highlight.minted) (_minted/2E104FEB72051C84C7891411220E0B70.highlight.minted) (_minted/8F07718D5FD5D87B9B9C69981219171E.highlight.minted) (_minted/3C931BECE94ADC9DADCA5C19689464F1.highlight.minted) (_minted/F24641ADE6A6E082602867F0E50C0CAB.highlight.minted) (_minted/A0F3630946E9F9D416A80DBB6BD1DA62.highlight.minted) (_minted/58DE27463D507814B32E096CB7A24A93.highlight.minted) (_minted/5D8399370B7F708425F0C51E13A8A2DF.highlight.minted) (_minted/D362E6080813DDB553CF4FC1F91D89CE.highlight.minted) (_minted/62562E527DCA8F6FF9FEE277524CA8B1.highlight.minted) (_minted/CC9D789CB2747C210F438258589F99ED.highlight.minted) (_minted/91908135ED77FA4C525CF257F5293C45.highlight.minted) (_minted/3F6C79893BBCB7BFA1A29CE35A6A3E2F.highlight.minted) (_minted/15DEC4CBC943CD04678D67E6B4822B35.highlight.minted) (_minted/442154E547BA8E71F4C5A2A0FC91D791.highlight.minted) (_minted/110EBBBCF9FA901713D8DA7379FD6B69.highlight.minted) (_minted/DD2274ADCA2242EE841DB8B2B3F9908F.highlight.minted) (_minted/CC09E5C705CB9B78D0304D931C598A53.highlight.minted) (_minted/C3871AFADD667DA8DD60BD3D76FBDCF6.highlight.minted) (_minted/282E3E6E0114CA3CC535656E276B7A06.highlight.minted) (_minted/12B911004506A0B0FE60F301FD7F2ECA.highlight.minted) (_minted/87A8F28C816D75607A82A57183D5D3E7.highlight.minted) (_minted/F8D41682360159926BA709C8BA244317.highlight.minted) (_minted/A259B50B561BFE92D1322C6267313CEC.highlight.minted) (_minted/A021455292C204BAF6CDEBA6835EE6A8.highlight.minted) (_minted/6853F4D4782280C98A8119C42AD96B9B.highlight.minted)
Underfull \hbox (badness 10000) in paragraph at lines 1831--1843

 []

(_minted/F2888C58B61F163B28D350C3A8BF3656.highlight.minted) (_minted/5608F39BECFED599CC6A810EE72B5EF4.highlight.minted) (_minted/5E5F0A97035D5ABCC0B93BC551E6E503.highlight.minted) (_minted/6CA674329F70BDFC63F7291D6C62ECBB.highlight.minted) (_minted/3AB6664DF17D257B5622ACA2D11DCA64.highlight.minted) (_minted/8245A20E22216A197B038A4F5FAC6F7E.highlight.minted) (_minted/2CC5F4E594ED5BBA7ADCC67D4B1F69F9.highlight.minted) [52] (_minted/31680D602C33E1D1CFAE300BCDC5F80F.highlight.minted) (_minted/20CB3EC41FF1216E1598F398C603AC57.highlight.minted) (_minted/57592C1579DC29CA8486D58F6F5622B0.highlight.minted) (_minted/256E6BF3F365D8A1ABD7BDBE83527BC5.highlight.minted) (_minted/725C3F5E846F996631D54D90886664B1.highlight.minted) (_minted/83085853E2046F1218FDD1FD460EA2C9.highlight.minted) (_minted/F9F8569C6B5E259C499003E3C1A2170C.highlight.minted) (_minted/2A4B1D416D74D97CEDEFEBA49936DE8A.highlight.minted) (_minted/F68C4BF7FE1BFCD73940C2C9F36A0868.highlight.minted) (_minted/E37159055B0E62E07144E44EB627EF47.highlight.minted) (_minted/83DFE9ED3DAF9209EC2B8E74E7225103.highlight.minted) (_minted/2B34D07BE08596C9C7A73190CDA9D591.highlight.minted) (_minted/95F51337854BA40EA06B758CAC5C5239.highlight.minted) (_minted/4DCAE74C5C8E01139D04EF82165F11FE.highlight.minted)
Underfull \hbox (badness 10000) in paragraph at lines 1863--1874

 []

(_minted/064CA5428DFB9ECCB47E72B18E9B5EA2.highlight.minted) (_minted/AD37178A16FB09E8C8C9ED892E9C2C43.highlight.minted) (_minted/79D0AC171351AB70DA03B47042EC64D6.highlight.minted) (_minted/5D72F86B10F5AB5E1190943A70C770C4.highlight.minted) (_minted/CEECCF0AF393B23EE307DDF24CE449AB.highlight.minted) (_minted/5E4897752ACCC767F72462D35629751A.highlight.minted) (_minted/52D9414CF736345B7F837A981919D6FA.highlight.minted) [53] (_minted/D3D1A78A9045FF2F5BAF4974B88DD6E6.highlight.minted) (_minted/F36580F9A8AC725A77F284BACC69006C.highlight.minted) (_minted/9F763F7B8900F65C82809522A8697405.highlight.minted) (_minted/7792DBDEF69208679F433233A667B84A.highlight.minted) (_minted/FF7540BA1D93ADEB7F3C03B3F9A01B10.highlight.minted) (_minted/688A40566E5C9398FF1A48EEA0F845AA.highlight.minted) (_minted/2C4E007D5BD9D1823EAC5C055EEF18D5.highlight.minted) (_minted/12EF92DA58F351AADC2B8E985364505F.highlight.minted) (_minted/C655126B7CA05AAEA671EC079739B9A8.highlight.minted) (_minted/597F2C39ABCC3300249288EFF2E5A3B6.highlight.minted) (_minted/0C3A7A0721CC2EF735F79985295D4E50.highlight.minted) (_minted/4A762D29E51ACD3E3A9CD18C7A460630.highlight.minted) (_minted/06F6B69538E9D0EDB30C5479D3861C73.highlight.minted) (_minted/6E2772C9C658D9ABA28BBFA78FD8A3B0.highlight.minted) (_minted/7194FB5434EE56AB728FD0E3FC5ADB78.highlight.minted) (_minted/C410CD19C2C31E905F996D8541204D40.highlight.minted) (_minted/27B4781BFA3CCA0D0C56B07D5A924CBE.highlight.minted) (_minted/2A1FD55986E9FF7218140C016E1EE078.highlight.minted) (_minted/5D3598CB11FC27C6E05D267A967B986D.highlight.minted) (_minted/1FEB40722772C958EA24FCA2FC6E8D3D.highlight.minted) (_minted/1AFE23AB7A99992754F49EDDAFA4CF93.highlight.minted) (_minted/FBACFE94BF1C660A9846F77F1DDB0E1F.highlight.minted) (_minted/42857E8D64EC8B723A62F2084B79A674.highlight.minted) (_minted/7DE9E02C51BF111335117F3945DCC93D.highlight.minted) (_minted/DC96D9B4E5B6C651729F546619E4A788.highlight.minted) (_minted/58F472F90A81920BEDC5F47A095C8867.highlight.minted) (_minted/22BC393165E5E70F204AE406740FDC46.highlight.minted) (_minted/DA0AD424BBEDB5E03DE866336BA2ABBD.highlight.minted) (_minted/762C74DBBE176514C051863D80A95ABA.highlight.minted) (_minted/C14AD558D64DD839879AEE56A695BDD8.highlight.minted) (_minted/9450AF7A67041706C7F13D8DE083ED45.highlight.minted) (_minted/15637EF5E2D6CA2842B528038D06200C.highlight.minted) (_minted/54E4A89FB2F4803E164D537E33F39ADF.highlight.minted) (_minted/1C49DDEE3EF8BC3494D3E077D202CAEC.highlight.minted) (_minted/8C7F2C28838949865608137969F3476E.highlight.minted) (_minted/B5D6A084A96E7EACDA3331F01D0EB15E.highlight.minted) (_minted/7B96BFA2BE7C629BC00FDC4B309E1164.highlight.minted) (_minted/8C3C957DE23F69709AF084ED4194B145.highlight.minted) (_minted/754BD34E1C380BAA445EA5F76BD3DD06.highlight.minted) (_minted/F2D10655B0DF51E05961DE1C72222086.highlight.minted) (_minted/28788114CF37CDC55BD412AC70F52CAB.highlight.minted) (_minted/745B1AB164CA914FE3CEC2345BE29F8E.highlight.minted) (_minted/9427341482148594693A1FE32133E464.highlight.minted) (_minted/3B5769B652B11B1EF008848A804F285B.highlight.minted) (_minted/9F3AD545E3CC49DE2096E5AD0A1C4424.highlight.minted) (_minted/91507A242ED09D76643CCF09C450903A.highlight.minted) (_minted/1D88CD9B89B7C7DC9A93F03FA666E343.highlight.minted) (_minted/7E0007969C8BB653A731287CC31A706A.highlight.minted) (_minted/3D24C2FA1FCF73E9B7CE9887E595372F.highlight.minted) (_minted/2E7F55CCA3093BAD79A7207FF267956A.highlight.minted) (_minted/3108A4DDFC3C937F330887EC5360F05F.highlight.minted) (_minted/74133AF226AD348F60CF83A5761544E5.highlight.minted) (_minted/3F2119F740C63C082EA4629CDAD66BBE.highlight.minted) (_minted/548459F18A94B90300131DBDD60C594A.highlight.minted) (_minted/C0E93E3C9F43575DB1C276AD4082C928.highlight.minted) (_minted/4704F6C39DFB86CFAF75C878A8BC30F1.highlight.minted) (_minted/34DACB89EF46E65DCDBCD5E5C38EB8AE.highlight.minted) (_minted/FE1B18BC3EE9B5E88A1E4F25281CE519.highlight.minted) (_minted/FB00F15A2B78CEE3DA47F8824AD38404.highlight.minted) (_minted/D11DD2BB141D53EDE18E3D0F45BFE262.highlight.minted) (_minted/9730A07C879738049CD98CA5A97926C6.highlight.minted) (_minted/76C8BB1AECD3AF2FD027DA75C67667D0.highlight.minted) (_minted/D79A7813427E56E23BC23960F1C5EDC5.highlight.minted) (_minted/433A6293C1001C0A971759C7D7C37697.highlight.minted) (_minted/B62D3008FB51155F3FE42DDDDF7F6739.highlight.minted) (_minted/E1B080EAF55F37D4EB0B9383ADFB5F31.highlight.minted) (_minted/B33E66AE48D0648F6485CDDAF621339A.highlight.minted) (_minted/6723C9F3650F9CB91FFC8E70560EBA63.highlight.minted) (_minted/33A0E123B13A45206CAAF0E7733376E3.highlight.minted) (_minted/80270FB6DC4AA31142B7B8EAB11374F7.highlight.minted) (_minted/C28CD981CCF2D9743FCC8C994D7ED3E8.highlight.minted) (_minted/64A9F4611E4F8AC43C7CE0C1FE0F6A97.highlight.minted) (_minted/E8A96A1B83BE6DC2F4440F67097B9388.highlight.minted) (_minted/1A5F0E063FCBDE994DA2A0C3822E8B70.highlight.minted) (_minted/259C79BDB7CD90E632F9FB407764847A.highlight.minted)
Underfull \hbox (badness 10000) in paragraph at lines 1988--2000

 []

[54] (_minted/3C63B58C7B47C72249918AF9A5FEBAA2.highlight.minted) (_minted/92E1307173DBDCDBA19207D972FF86B8.highlight.minted) (_minted/548D68AEF05987E4C3D11A7811819A3B.highlight.minted) (_minted/45BE596D3AEAB006E38246E3D022E1AE.highlight.minted) (_minted/C0C351B6AC6AA00B6598A5286E4BBA1C.highlight.minted) (_minted/2792CB9AF4A81B4B1927B029A4979072.highlight.minted) (_minted/2D10E109E473680531A9EC25E6D7B092.highlight.minted) (_minted/2BABD138F783C6D9222012EF722DB8E8.highlight.minted) (_minted/54DFF209DCF6AB021EFBBD1E2D755DCE.highlight.minted) (_minted/50298C1B5ACA53AB9E85635D4F474107.highlight.minted) (_minted/BA559A16A8109A094F2241EF0715A580.highlight.minted) (_minted/903E13AFDCE22876EEB9B7284C27DE32.highlight.minted) (_minted/030D2C08DC6099FE770D653CB28BC808.highlight.minted) (_minted/32B65E36C7CFBF95C2AF0703B6EA33D5.highlight.minted) (_minted/1B1ADEA3C8EFF304B6714536BF03AB9F.highlight.minted) (_minted/4F8FA8C8F4E86A3E3CE9A4777B316267.highlight.minted) (_minted/F00425A3C120065DB9645675F8A8F116.highlight.minted) (_minted/13F396F36DFE1C22D73D217272EB78C3.highlight.minted) (_minted/1B7C4AEDAF5664DD8AFA38BA9C392BE5.highlight.minted) (_minted/0A7320975164229DB79ECEF8E21E4DD9.highlight.minted) (_minted/DD2831B52A178E14D90CFFA3517AD9C2.highlight.minted) (_minted/327485A46FCC9D7C7F72663A7D0C4F06.highlight.minted) (_minted/940486BF9E94E61443699BA06766D3A8.highlight.minted) (_minted/EEFE803B4672F8C2107F96E1176EAC7D.highlight.minted) (_minted/C27E67AB3580F9677617D2C01F88EFED.highlight.minted) (_minted/A557409063F81A0AFEFCA3274BFB6D85.highlight.minted) (_minted/0EC59A87930E1B81EE9D210168913669.highlight.minted) (_minted/3FDB45E4AC855A049A0BF0C2CC5E9822.highlight.minted) (_minted/19FAAEE7018C2FBBE5335F2AE3B776E7.highlight.minted) (_minted/6550DC5AC1E286A6929819CB3ADE5CCC.highlight.minted) (_minted/238E49B0A873DD2D9CDC14B9A979549C.highlight.minted) (_minted/EB4DF2F79FE46ED14549773E98C2433B.highlight.minted) (_minted/284A57AE86E582F79B532FD1C4B0013C.highlight.minted) (_minted/B0DD567D10E00863DC9146228AC6DF00.highlight.minted) (_minted/BBE3DE50CE9E7D7BCDA86AB94A384398.highlight.minted) (_minted/A78E3AE1F3C94FBEECC406E7AFE0D233.highlight.minted) (_minted/CAAF79F9E87AB87AFEC3737FDB35F8E9.highlight.minted) (_minted/57E785E3F341DEDD11F2ACA6DF57A24D.highlight.minted) [55] (_minted/B12AA8E07106AFB1E81D094E3465FCFA.highlight.minted) (_minted/12346F4C23DA23BFB03DB5DF55B54377.highlight.minted) (_minted/6342EEED8957A6845BAA55BBCDCDE89C.highlight.minted) (_minted/1BC4A727C6925D9FD2A14F697A94AD7C.highlight.minted) (_minted/01FFFEA9C7861D403D63CF75B66A6B20.highlight.minted) (_minted/CF78939FE62C71D79D98C83107C2AFE9.highlight.minted) (_minted/8119A0097E0C5E1A3D2D104B306177C5.highlight.minted) (_minted/14AC08B091861BFD8F3F3C52029D1C26.highlight.minted) (_minted/A66B79869C3DAC1D7FA6F9595D849959.highlight.minted) (_minted/36C66007B1DA064408062E5366F03A81.highlight.minted) (_minted/D3C2BA161841A068AC77623479563A13.highlight.minted) (_minted/0F42993B95BED734312629F52D368FB0.highlight.minted) (_minted/7DC691563C74DD39A7565A67847B2F41.highlight.minted) (_minted/32DF31661F807E64DA1CC6FCA08476BA.highlight.minted) (_minted/E81226679DEA42B743B285116E5FF762.highlight.minted) (_minted/303F25A558C60C301B155AAE1E67C7DC.highlight.minted) (_minted/6517FCC8ACE5744C99468B72D98120A2.highlight.minted) (_minted/52E06500E9F316B08DB09A0E547D844D.highlight.minted) (_minted/3A4ADE309D605AE65373EA8788581059.highlight.minted)
Underfull \hbox (badness 10000) in paragraph at lines 2072--2089

 []

(_minted/1BF8671DE5559BF13280AFB8699C5499.highlight.minted) (_minted/06904F2405065CE195C0B8E0FB9D5B01.highlight.minted) (_minted/AA45A85A02C4902583D90150A2CCEBA7.highlight.minted) (_minted/B66982DEC6D0113E133181410FF58164.highlight.minted) (_minted/2FFA82E015FF1B0C0541556251E7C367.highlight.minted) [56] (_minted/90F7AB5ADF368A8DC35A8B7C6B6A0BC9.highlight.minted) (_minted/866BF45F44F7C07D26C4540182F8046F.highlight.minted) (_minted/6339A29D8FDCB9AC61D4F7537826C997.highlight.minted) (_minted/1C1CA4155E8FD9C66AF4089AAFF7BB48.highlight.minted) (_minted/5DFC1AE0E9F3D19B8FD0C57C60C176B2.highlight.minted) (_minted/45B5EB21F1A92DE85E7BC1BA0AFCCFD6.highlight.minted) (_minted/541CEE348620331FCE30D883FFE0301B.highlight.minted) (_minted/2EDFBF43252ADE952EE00C2D65790133.highlight.minted) (_minted/F7A21EF8B3C07EEF71DD16450725003C.highlight.minted)
LaTeX Font Info:    Trying to load font information for U+euf on input line 2122.
 (C:\Users\neosk\AppData\Local\Programs\MiKTeX\tex/latex/amsfonts\ueuf.fd
File: ueuf.fd 2013/01/14 v3.01 Euler Fraktur
) (C:\Users\neosk\AppData\Local\Programs\MiKTeX\tex/latex/microtype\mt-euf.cfg
File: mt-euf.cfg 2006/07/03 v1.1 microtype config. file: AMS Euler Fraktur (RS)
) (_minted/B643CC9AAA569B0D5FBCE2059BB859D2.highlight.minted) (_minted/66A4E73273A77F13FF1DE558120835A1.highlight.minted) [57] [58

] [59

]
Overfull \hbox (1.77512pt too wide) in paragraph at lines 2164--2165
[]\T1/cmr/m/it/10 (-20) Glossary of T[]X and L[]T[]X terms\T1/cmr/m/n/10 (-20) : [][]$tex . stackexchange . com / questions / 58431 / glossary -[]
 []


Overfull \hbox (2.95015pt too wide) in paragraph at lines 2174--2175
[]\T1/cmr/m/it/10 (-20) Report Writ-ing in Physics\T1/cmr/m/n/10 (-20) : [][]$www . sr . bham . ac . uk / skills / WrittenComms / Year2Reports .
 []

[60]

LaTeX Font Warning: Font shape `T1/cmr/m/scit' undefined
(Font)              using `T1/cmr/m/scsl' instead on input line 2197.


LaTeX Font Warning: Font shape `T1/cmr/m/scit' undefined
(Font)              using `T1/cmr/m/scsl' instead on input line 2198.

[61] (C:\Users\neosk\AppData\Local\Programs\MiKTeX\tex/generic/stringenc\se-pdfdoc.def
File: se-pdfdoc.def 2019/11/29 v1.12 stringenc: PDFDocEncoding
) (C:\Users\neosk\AppData\Local\Programs\MiKTeX\tex/generic/stringenc\se-utf8.def
File: se-utf8.def 2019/11/29 v1.12 stringenc: UTF-8
) [62] (main.aux)
 ***********
LaTeX2e <2026-06-01>
L3 programming layer <2026-06-18>
 ***********


LaTeX Warning: There were multiply-defined labels.

Package rerunfilecheck Info: File `main.out' has not changed.
(rerunfilecheck)             Checksum: 1DA82D2700C529AE91B168392BC1CC35;10594.
 ) 
Here is how much of TeX's memory you used:
 46182 strings out of 467510
 1120110 string characters out of 5408794
 1667024 words of memory out of 5000000
 72783 multiletter control sequences out of 15000+600000
 809834 words of font info for 378 fonts, out of 8000000 for 9000
 1141 hyphenation exceptions out of 8191
 113i,19n,131p,1093b,1745s stack positions out of 10000i,1000n,20000p,200000b,200000s
<C:/Users/neosk/AppData/Local/Programs/MiKTeX/fonts/type1/public/montserrat/Montserrat-Bold.pfb><C:/Users/neosk/AppData/Local/Programs/MiKTeX/fonts/type1/public/montserrat/Montserrat-Italic.pfb><C:/Users/neosk/AppData/Local/Programs/MiKTeX/fonts/type1/public/montserrat/Montserrat-Regular.pfb><C:/Users/neosk/AppData/Local/Programs/MiKTeX/fonts/type1/public/amsfonts/cm/cmbsy10.pfb><C:/Users/neosk/AppData/Local/Programs/MiKTeX/fonts/type1/public/amsfonts/cm/cmbx10.pfb><C:/Users/neosk/AppData/Local/Programs/MiKTeX/fonts/type1/public/amsfonts/cm/cmbx7.pfb><C:/Users/neosk/AppData/Local/Programs/MiKTeX/fonts/type1/public/amsfonts/cm/cmex10.pfb><C:/Users/neosk/AppData/Local/Programs/MiKTeX/fonts/type1/public/amsfonts/cm/cmmi10.pfb><C:/Users/neosk/AppData/Local/Programs/MiKTeX/fonts/type1/public/amsfonts/cm/cmmi5.pfb><C:/Users/neosk/AppData/Local/Programs/MiKTeX/fonts/type1/public/amsfonts/cm/cmmi7.pfb><C:/Users/neosk/AppData/Local/Programs/MiKTeX/fonts/type1/public/amsfonts/cm/cmmi9.pfb><C:/Users/neosk/AppData/Local/Programs/MiKTeX/fonts/type1/public/amsfonts/cm/cmmib10.pfb><C:/Users/neosk/AppData/Local/Programs/MiKTeX/fonts/type1/public/amsfonts/cm/cmr10.pfb><C:/Users/neosk/AppData/Local/Programs/MiKTeX/fonts/type1/public/amsfonts/cm/cmr7.pfb><C:/Users/neosk/AppData/Local/Programs/MiKTeX/fonts/type1/public/amsfonts/cm/cmss10.pfb><C:/Users/neosk/AppData/Local/Programs/MiKTeX/fonts/type1/public/amsfonts/cm/cmss12.pfb><C:/Users/neosk/AppData/Local/Programs/MiKTeX/fonts/type1/public/amsfonts/cm/cmss8.pfb><C:/Users/neosk/AppData/Local/Programs/MiKTeX/fonts/type1/public/amsfonts/cm/cmss9.pfb><C:/Users/neosk/AppData/Local/Programs/MiKTeX/fonts/type1/public/amsfonts/cm/cmssi10.pfb><C:/Users/neosk/AppData/Local/Programs/MiKTeX/fonts/type1/public/amsfonts/cm/cmssi8.pfb><C:/Users/neosk/AppData/Local/Programs/MiKTeX/fonts/type1/public/amsfonts/cm/cmsy10.pfb><C:/Users/neosk/AppData/Local/Programs/MiKTeX/fonts/type1/public/amsfonts/cm/cmsy5.pfb><C:/Users/neosk/AppData/Local/Programs/MiKTeX/fonts/type1/public/amsfonts/cm/cmsy7.pfb><C:/Users/neosk/AppData/Local/Programs/MiKTeX/fonts/type1/public/amsfonts/cm/cmsy9.pfb><C:/Users/neosk/AppData/Local/Programs/MiKTeX/fonts/type1/public/amsfonts/cm/cmti10.pfb><C:/Users/neosk/AppData/Local/Programs/MiKTeX/fonts/type1/public/amsfonts/cm/cmtt10.pfb><C:/Users/neosk/AppData/Local/Programs/MiKTeX/fonts/type1/public/amsfonts/euler/eufm10.pfb><C:/Users/neosk/AppData/Local/Programs/MiKTeX/fonts/type1/public/amsfonts/latxfont/line10.pfb><C:/Users/neosk/AppData/Local/Programs/MiKTeX/fonts/type1/public/lm/lmss17.pfb><C:/Users/neosk/AppData/Local/Programs/MiKTeX/fonts/type1/public/lm/lmtk10.pfb><C:/Users/neosk/AppData/Local/Programs/MiKTeX/fonts/type1/public/lm/lmtt10.pfb><C:/Users/neosk/AppData/Local/Programs/MiKTeX/fonts/type1/public/lm/lmtti10.pfb><C:/Users/neosk/AppData/Local/Programs/MiKTeX/fonts/type1/public/amsfonts/symbols/msam10.pfb><C:/Users/neosk/AppData/Local/Programs/MiKTeX/fonts/type1/public/amsfonts/symbols/msbm10.pfb><C:/Users/neosk/AppData/Local/Programs/MiKTeX/fonts/type1/public/cm-super/sfbi1200.pfb><C:/Users/neosk/AppData/Local/Programs/MiKTeX/fonts/type1/public/cm-super/sfbx0500.pfb><C:/Users/neosk/AppData/Local/Programs/MiKTeX/fonts/type1/public/cm-super/sfbx0700.pfb><C:/Users/neosk/AppData/Local/Programs/MiKTeX/fonts/type1/public/cm-super/sfbx1000.pfb><C:/Users/neosk/AppData/Local/Programs/MiKTeX/fonts/type1/public/cm-super/sfbx1200.pfb><C:/Users/neosk/AppData/Local/Programs/MiKTeX/fonts/type1/public/cm-super/sfbx1440.pfb><C:/Users/neosk/AppData/Local/Programs/MiKTeX/fonts/type1/public/cm-super/sfbx2074.pfb><C:/Users/neosk/AppData/Local/Programs/MiKTeX/fonts/type1/public/cm-super/sfbx2488.pfb><C:/Users/neosk/AppData/Local/Programs/MiKTeX/fonts/type1/public/cm-super/sfcc0700.pfb><C:/Users/neosk/AppData/Local/Programs/MiKTeX/fonts/type1/public/cm-super/sfcc1000.pfb><C:/Users/neosk/AppData/Local/Programs/MiKTeX/fonts/type1/public/cm-super/sfcc1728.pfb><C:/Users/neosk/AppData/Local/Programs/MiKTeX/fonts/type1/public/cm-super/sfrm0500.pfb><C:/Users/neosk/AppData/Local/Programs/MiKTeX/fonts/type1/public/cm-super/sfrm0700.pfb><C:/Users/neosk/AppData/Local/Programs/MiKTeX/fonts/type1/public/cm-super/sfrm0900.pfb><C:/Users/neosk/AppData/Local/Programs/MiKTeX/fonts/type1/public/cm-super/sfrm1000.pfb><C:/Users/neosk/AppData/Local/Programs/MiKTeX/fonts/type1/public/cm-super/sfrm1200.pfb><C:/Users/neosk/AppData/Local/Programs/MiKTeX/fonts/type1/public/cm-super/sfrm1728.pfb><C:/Users/neosk/AppData/Local/Programs/MiKTeX/fonts/type1/public/cm-super/sfsc1000.pfb><C:/Users/neosk/AppData/Local/Programs/MiKTeX/fonts/type1/public/cm-super/sfsi0800.pfb><C:/Users/neosk/AppData/Local/Programs/MiKTeX/fonts/type1/public/cm-super/sfsi1000.pfb><C:/Users/neosk/AppData/Local/Programs/MiKTeX/fonts/type1/public/cm-super/sfsl0700.pfb><C:/Users/neosk/AppData/Local/Programs/MiKTeX/fonts/type1/public/cm-super/sfsl1000.pfb><C:/Users/neosk/AppData/Local/Programs/MiKTeX/fonts/type1/public/cm-super/sfss0800.pfb><C:/Users/neosk/AppData/Local/Programs/MiKTeX/fonts/type1/public/cm-super/sfss1000.pfb><C:/Users/neosk/AppData/Local/Programs/MiKTeX/fonts/type1/public/cm-super/sfsx0800.pfb><C:/Users/neosk/AppData/Local/Programs/MiKTeX/fonts/type1/public/cm-super/sfsx1000.pfb><C:/Users/neosk/AppData/Local/Programs/MiKTeX/fonts/type1/public/cm-super/sfsx1440.pfb><C:/Users/neosk/AppData/Local/Programs/MiKTeX/fonts/type1/public/cm-super/sfti0700.pfb><C:/Users/neosk/AppData/Local/Programs/MiKTeX/fonts/type1/public/cm-super/sfti1000.pfb><C:/Users/neosk/AppData/Local/Programs/MiKTeX/fonts/type1/public/cm-super/sftt1000.pfb><C:/Users/neosk/AppData/Local/Programs/MiKTeX/fonts/type1/public/cm-super/sfxc1000.pfb>
Output written on main.pdf (72 pages, 1980530 bytes).
PDF statistics:
 1619 PDF objects out of 1728 (max. 8388607)
 202 named destinations out of 1000 (max. 500000)
 126183 words of extra memory for PDF output out of 128383 (max. 10000000)

